shock_id,date,county,policy_name,policy_type,primary_topic,ideology_score,direction,enforcement_channel,behavioral_channel,severity,mandates_vs_guidance,extensive_margin_direction,intensive_margin_direction,summary,filename,nearest_external_shock_id,nearest_external_shock_name,nearest_external_shock_date,days_from_external_shock,external_shock_match_type
2009_san_bernardino_county_natl_center_for_state_courts_implicit_bias_appendix,2009-01-01,San Bernardino County,Natl Center for State Courts-Implicit Bias Appendix,internal_directive,racial_justice,2.0,progressive,charging,public_safety_perception,moderate,strong_guidance,more_lenient,more_lenient,"This document is an implicit bias training primer prepared for courts, including prosecutor offices, that provides scientific background on unconscious racial bias and its real-world consequences in legal decision-making. The material emphasizes that implicit biases are pervasive, measurable, and affect outcomes in criminal justice settings, while also noting that such biases are malleable and can be addressed through awareness and procedural changes. The document represents a progressive approach to prosecutorial training by acknowledging systemic bias issues and providing evidence-based strategies for promoting fairness and racial justice in prosecutorial decision-making.",2009_San Bernardino County_Natl Center for State Courts-Implicit Bias Appendix.pdf,,,,,
2016_san_francisco_county_collaborative_court_eligiblity_guidelines,2016-01-01,San Francisco County,Collaborative Court Eligiblity Guidelines,internal_directive,diversion,2.0,progressive,diversion,quality_of_life_enforcement,significant,mandatory,more_lenient,more_lenient,"This document establishes comprehensive eligibility guidelines for San Francisco's collaborative courts, creating extensive opportunities for pre-plea diversion into specialized problem-solving courts for substance abuse, mental health, and young adult defendants. The policy reflects a progressive therapeutic justice approach, prioritizing treatment and rehabilitation over traditional prosecution while maintaining exclusions for serious violent offenses. The framework provides substantial benefits for successful completion including case dismissals, record sealing, and felony reductions, demonstrating a clear shift toward addressing underlying causes of criminal behavior rather than punishment alone.",2016_San Francisco County_Collaborative Court Eligiblity Guidelines.pdf,,,,,
yolo_county_implicit_bias_training_hourly_distribution,2016-04-14,Yolo County,Implicit Bias Training Hourly Distribution,internal_directive,racial_justice,2.0,progressive,charging,public_safety_perception,significant,mandatory,more_lenient,more_lenient,"This document outlines a comprehensive day-long implicit bias training program for the Yolo County District Attorney's Office, focusing on how unconscious bias affects prosecutorial decision-making. The training systematically addresses bias recognition and intervention across key prosecutorial functions including charging decisions, plea bargaining, and bail determinations. The program concludes with specific applications of procedural justice principles to prosecutorial discretion, representing a significant progressive reform initiative aimed at promoting racial justice and equity in prosecution practices.",Yolo County_Implicit Bias Training Hourly Distribution.pdf,,,,,
2017_04_19_los_angeles_county_mental_health_diversion_special_directive,2017-04-19,Los Angeles County,Mental Health Diversion Special Directive,internal_directive,diversion,2.0,progressive,diversion,quality_of_life_enforcement,moderate,strong_guidance,more_lenient,more_lenient,"This directive establishes a comprehensive mental health diversion policy for Los Angeles County, significantly expanding access to alternative sentencing courts by removing approval requirements and encouraging treatment-based responses to crime. The policy reflects a progressive therapeutic justice approach, emphasizing that addressing underlying mental illness, addiction, and homelessness serves both defendants and community safety. It creates detailed protocols for multiple specialized courts while empowering individual prosecutors to consider mental health factors at all stages of the criminal justice process.",2017.04.19_Los Angeles County_Mental Health Diversion Special Directive.pdf,,,,,
2017_04_19_la_county_special_directive_17_08,2017-04-19,Los Angeles County,Special Directive 17-08,internal_directive,diversion,2.0,progressive,diversion,quality_of_life_enforcement,moderate,strong_guidance,more_lenient,more_lenient,"This directive establishes a comprehensive framework for mental health diversion and alternative sentencing courts in Los Angeles County, representing a significant policy shift toward treatment-oriented prosecution. The policy removes bureaucratic barriers that previously limited access to diversion programs, particularly for serious felonies and drug sales cases, while empowering line prosecutors to make diversion decisions. The document reflects a progressive prosecutorial philosophy that prioritizes addressing underlying causes of criminal behavior through mental health treatment, substance abuse programs, and specialized courts rather than traditional incarceration-focused approaches.",2017.04.19_LA County_Special Directive 17-08.pdf,,,,,
2017_04_19_la_county_special_directive_mental_health_diversion_alternative_sente,2017-04-19,Los Angeles County,Special Directive-Mental Health Diversion & Alternative Sentencing,internal_directive,diversion,2.0,progressive,diversion,quality_of_life_enforcement,moderate,strong_guidance,more_lenient,more_lenient,"This directive establishes a comprehensive mental health diversion and alternative sentencing policy for Los Angeles County, removing bureaucratic barriers and empowering prosecutors to consider mental illness in charging and sentencing decisions. The policy creates multiple specialized court programs (drug court, veterans court, mental health courts) that prioritize treatment over incarceration for eligible defendants. It represents a significant shift toward therapeutic justice, explicitly encouraging diversion program participation while maintaining exclusions for the most serious offenses. The directive reflects a progressive prosecutorial philosophy that views addressing underlying causes of criminal behavior as serving the interests of justice and public safety.",2017.04.19_LA County_ Special Directive-Mental Health Diversion & Alternative Sentencing.pdf,,,,,
2018_07_13_sacramento_county_mental_health_diversion_memorandum,2018-07-13,Sacramento County,Mental Health Diversion-Memorandum,internal_directive,diversion,2.0,progressive,diversion,quality_of_life_enforcement,moderate,strong_guidance,more_lenient,more_lenient,"This comprehensive procedural manual implements California's AB 1810 mental health diversion program, providing detailed guidance for diverting defendants with mental disorders from prosecution to treatment programs. The document establishes a therapeutic justice framework that allows all crimes to be eligible for diversion, with successful completion resulting in case dismissal and record sealing. While including necessary safety provisions, the policy represents a significant shift toward addressing mental health as a root cause of criminal behavior rather than relying solely on punitive measures.",2018.07.13_Sacramento County_Mental Health Diversion-Memorandum.pdf,sb_1437_felony_murder,SB 1437 (Felony Murder Reform),2019-01-01,-172.0,statewide_legislation
2018_10_15_sacramento_county_mental_health_diversion_process_for_felony_cases_on,2018-10-15,Sacramento County,Mental Health Diversion Process-for Felony Cases Only,internal_directive,diversion,2.0,progressive,diversion,quality_of_life_enforcement,significant,mandatory,more_lenient,more_lenient,"This document establishes a comprehensive mental health diversion protocol for felony cases in Sacramento County, developed collaboratively between prosecution, defense, and behavioral health services. The program allows defendants with qualifying mental disorders to receive treatment instead of traditional prosecution, with successful completion resulting in complete dismissal of charges and the arrest being deemed to have never occurred. The protocol reflects a clearly progressive, treatment-oriented approach that prioritizes therapeutic intervention over punishment while maintaining some traditional safeguards for public safety and serious violent crimes.",2018.10.15_Sacramento County_Mental Health Diversion Process-for Felony Cases Only.pdf,sb_1437_felony_murder,SB 1437 (Felony Murder Reform),2019-01-01,-78.0,statewide_legislation
2018_12_27_la_county_constitutional_challenge_to_murder_resentencing_memo,2018-12-27,Los Angeles County,Constitutional Challenge to Murder Resentencing Memo,internal_directive,case_law_update,-2.0,traditional,sentencing,public_safety_perception,significant,mandatory,neutral,more_punitive,"This memo instructs Los Angeles County prosecutors to systematically challenge the constitutionality of SB 1437's resentencing provisions for murder accomplices, arguing it violates separation of powers. The office mandates opposition to all resentencing petitions for cases finalized before 2019, while providing guidance on appellate strategies and prohibiting refiling of dismissed charges. The document reflects a traditional prosecutorial approach focused on preserving harsh sentences and resisting criminal justice reforms through constitutional challenges and aggressive litigation.",2018.12.27_LA County_ Constitutional Challenge to Murder Resentencing Memo.pdf,sb_1393_enhancement_discretion,SB 1393 (Prior Serious Felony Enhancement Discretion),2019-01-01,-5.0,statewide_legislation
2019_stanislaus_county_cdaa_winter_workshop_bias_materials,2019-01-01,Stanislaus County,CDAA-Winter-Workshop-Bias-Materials,internal_directive,racial_justice,2.0,progressive,charging,public_safety_perception,moderate,strong_guidance,more_lenient,more_lenient,"This comprehensive training document focuses on eliminating racial bias in prosecutorial decision-making through implicit bias education, data transparency, and community engagement. The materials provide specific guidance for prosecutors to examine their charging and sentencing patterns for disparities, consider alternatives to traditional prosecution, and adopt more individualized approaches to justice. The document represents a clear shift toward progressive prosecution values, emphasizing fairness and community safety over conviction maximization and punitive outcomes.",2019_Stanislaus County_CDAA-Winter-Workshop-Bias-Materials.pdf,sb_1437_felony_murder,SB 1437 (Felony Murder Reform),2019-01-01,0.0,statewide_legislation
2019_san_diego_county_sd_county_da_jdi_slides,2019-01-01,San Diego County,SD County DA-JDI Slides,internal_directive,diversion,2.0,progressive,diversion,quality_of_life_enforcement,significant,mandatory,more_lenient,not_applicable,"This document outlines San Diego County DA Summer Stephan's Juvenile Diversion Initiative, a comprehensive pre-file diversion program that diverts youth from formal prosecution for most misdemeanors and lower-level felonies. The program emphasizes restorative justice principles, community-based services, and addressing root causes of delinquent behavior rather than punishment. Successfully completing youth have their cases closed without filing and arrest records sealed, representing a significant shift toward keeping youth out of the formal juvenile justice system entirely.",2019_San Diego County_SD County DA-JDI Slides.pdf,sb_1437_felony_murder,SB 1437 (Felony Murder Reform),2019-01-01,0.0,statewide_legislation
2019_monterey_county_cdaa_winter_workshop_bias_materials,2019-01-01,Monterey County,CDAA-Winter Workshop-Bias Materials,internal_directive,racial_justice,2.0,progressive,charging,public_safety_perception,moderate,strong_guidance,more_lenient,more_lenient,"This comprehensive training material focuses on eliminating racial bias in prosecutorial decision-making through implicit bias education and conscious reform of traditional practices. The materials advocate for data-driven approaches to identify disparities, alternatives to traditional prosecution and punishment, and a fundamental reframing of prosecutorial success from conviction rates to fairness and community safety. The training represents a clearly progressive approach that systematically challenges traditional tough-on-crime prosecutorial ideology while providing concrete tools for prosecutors to reduce bias in charging, plea bargaining, and sentencing decisions.",2019_Monterey County_CDAA-Winter Workshop-Bias Materials.pdf,sb_1437_felony_murder,SB 1437 (Felony Murder Reform),2019-01-01,0.0,statewide_legislation
2020_contra_costa_county_description_of_the_racial_justice_act,2020-01-01,Contra Costa County,Description of the Racial Justice Act,internal_directive,racial_justice,2.0,progressive,charging,public_safety_perception,significant,mandatory,more_lenient,more_lenient,"This document describes California's Racial Justice Act of 2020, which prohibits seeking convictions or imposing sentences based on race, ethnicity, or national origin. The Act allows defendants to challenge prosecutorial decisions using statistical evidence of racial disparities and provides remedies including charge reduction, sentence vacation, and new trials. While the memo appears written from a traditional prosecutorial perspective highlighting concerns about costs and constitutional issues, the underlying legislation represents a significant progressive reform addressing systemic racial bias in criminal justice.",2020_Contra Costa County_Description of the Racial Justice Act.pdf,sb_1437_felony_murder,SB 1437 (Felony Murder Reform),2019-01-01,365.0,statewide_legislation
2020_yolo_county_virtual_czi_training,2020-01-01,Yolo County,Virtual CZI Training,internal_directive,racial_justice,2.0,progressive,charging,public_safety_perception,moderate,strong_guidance,more_lenient,more_lenient,"This document outlines a comprehensive 6-week progressive prosecutor training program focused on decarceration, racial justice, and community-based enforcement. The training emphasizes prosecutor-led sentence review for past cases, addressing systemic racial disparities, and developing partnerships with community organizations to protect vulnerable populations from corporate abuse. The curriculum reflects a clear shift toward progressive prosecutorial practices, prioritizing equity and alternatives to traditional punitive approaches.",2020_Yolo County_ Virtual CZI Training.pdf,sb_1437_felony_murder,SB 1437 (Felony Murder Reform),2019-01-01,365.0,statewide_legislation
2020_merced_county_cdaa_rja_presentation,2020-01-01,Merced County,CDAA RJA Presentation,internal_directive,racial_justice,2.0,progressive,charging,public_safety_perception,significant,mandatory,more_lenient,more_lenient,"This document is a comprehensive training presentation on California's Racial Justice Act (AB 2542), which prohibits seeking convictions or sentences based on race, ethnicity, or national origin. The training covers prohibited language, statistical analysis requirements for charging and sentencing disparities, discovery procedures, and remedies for violations. It represents a significant progressive reform requiring prosecutors to examine and justify their practices through a racial justice lens, with mandatory remedies including case dismissals, sentence reductions, and retrials when violations are found.",2020_Merced County_CDAA RJA Presentation.pdf,sb_1437_felony_murder,SB 1437 (Felony Murder Reform),2019-01-01,365.0,statewide_legislation
2020_yuba_county_ab2542_assembly_floor_analysis,2020-01-01,Yuba County,AB2542 Assembly Floor Analysis,internal_directive,racial_justice,2.0,progressive,charging,public_safety_perception,significant,mandatory,more_lenient,more_lenient,"This document outlines AB 2542, legislation that prohibits prosecutors from seeking convictions or sentences based on race, ethnicity, or national origin. The bill creates comprehensive mechanisms for defendants to challenge racially biased prosecutorial decisions through statistical evidence and provides courts with broad remedial powers including dismissing charges, reducing sentences, or ordering new proceedings. This represents a significant progressive reform focused on eliminating racial bias from California's criminal justice system, with substantial impacts on both charging decisions and sentencing outcomes.",2020_Yuba County_AB2542 Assembly Floor Analysis.pdf,sb_1437_felony_murder,SB 1437 (Felony Murder Reform),2019-01-01,365.0,statewide_legislation
2020_yuba_county_ab2542_bill_text,2020-01-01,Yuba County,AB2542 Bill Text,internal_directive,racial_justice,2.0,progressive,charging,public_safety_perception,significant,mandatory,more_lenient,more_lenient,"This document describes AB 2542, California legislation that prohibits seeking criminal convictions or sentences based on race, ethnicity, or national origin. The bill creates mechanisms for defendants to challenge convictions and sentences based on racial discrimination, including the right to file motions for disclosure of evidence and to vacate convictions. This represents a significant progressive criminal justice reform focused on eliminating racial bias from the system and providing remedies for past discrimination. The legislation applies prospectively to cases where judgment has not been entered prior to January 1, 2021.",2020_Yuba County_AB2542 Bill Text.pdf,sb_1437_felony_murder,SB 1437 (Felony Murder Reform),2019-01-01,365.0,statewide_legislation
2020_01_22_san_francisco_county_pretrial_detention_and_release_conditions,2020-01-22,San Francisco County,Pretrial Detention and Release Conditions,internal_directive,bail,2.0,progressive,bail,public_safety_perception,significant,mandatory,more_lenient,more_lenient,"This policy directive from San Francisco DA Chesa Boudin completely eliminates the office's use of money bail and establishes a strong presumption toward pretrial release with minimal conditions. The policy creates a tiered system of release conditions from least to most restrictive, with own recognizance release as the default position. While maintaining detention options for serious violent felonies, the policy represents a fundamental shift toward keeping defendants in the community pretrial and explicitly rejects traditional cash bail as discriminatory. The directive includes provisions for data collection to evaluate policy effectiveness and consideration of defendants' employment and family needs.",2020.01.22_San Francisco County_Pretrial Detention and Release Conditions.pdf,zero_bail_statewide,CA Judicial Council Statewide Zero-Bail Emergency Order,2020-04-13,-82.0,statewide_legislation
2020_03_09_san_francisco_county_primary_caregiver_diversion,2020-03-09,San Francisco County,Primary Caregiver Diversion,internal_directive,diversion,2.0,progressive,diversion,quality_of_life_enforcement,moderate,strong_guidance,more_lenient,more_lenient,"This policy directive establishes comprehensive procedures for implementing Primary Caregiver Diversion in San Francisco County, with the DA explicitly supporting and encouraging diversion for primary caregivers charged with non-serious and non-violent offenses. The policy prioritizes avoiding family trauma and child welfare impacts while maintaining accountability through service plans and restitution requirements. The document reflects a clearly progressive prosecutorial approach that emphasizes alternatives to incarceration, rehabilitation, and systematic data collection for policy evaluation.",2020.03.09_San Francisco County_Primary Caregiver Diversion.pdf,boudin_sf_takes_office,Chesa Boudin Sworn In as SF DA,2020-01-08,61.0,county_da_directive
2020_05_12_san_luis_obispo_county_serial_thefts_during_covid_pc_sec_462_memo,2020-05-12,San Luis Obispo County,Serial Thefts During COVID (PC Sec. 462) Memo,internal_directive,bail,-2.0,traditional,bail,public_safety_perception,moderate,strong_guidance,more_punitive,more_punitive,"This memo instructs law enforcement partners on how to circumvent COVID-19 emergency bail reforms by charging repeat thieves with felony looting under Penal Code 463, which exempts defendants from $0 bail provisions. The document reflects a traditional prosecutorial approach that prioritizes custody and enhanced penalties over the public health considerations underlying the emergency bail schedule. The memo demonstrates active resistance to bail reform measures and emphasizes maximizing sanctions for property crimes during the pandemic.",2020.05.12_San Luis Obispo County_Serial Thefts During COVID (PC Sec. 462) Memo.pdf,zero_bail_statewide,CA Judicial Council Statewide Zero-Bail Emergency Order,2020-04-13,29.0,statewide_legislation
2020_06_08_la_county_general_office_memorandum_20_079,2020-06-08,Los Angeles County,General Office Memorandum 20-079,internal_directive,charging_decisions,2.0,progressive,charging,quality_of_life_enforcement,significant,mandatory,more_lenient,not_applicable,"This memo establishes a blanket declination policy for curfew and failure to disperse violations arising from recent protests, affecting over a thousand arrests. DA Jackie Lacey justifies this decision based on 'interest of justice' reasoning and concern that prosecution would punish the exercise of First Amendment rights. The policy represents a clear progressive prosecutorial approach that prioritizes constitutional protections over strict enforcement of protest-related misdemeanor charges. This is a significant extensive margin decision that prevents large numbers of protesters from entering the criminal justice system entirely.",2020.06.08_LA County_General Office Memorandum 20-079.pdf,gascon_la_takes_office,George Gascón Sworn In as LA DA — Day-One Directives,2020-12-07,-182.0,county_da_directive
2020_08_23_san_diego_county_bhc_diversion_and_bhc_probation_program_summary,2020-08-23,San Diego County,BHC Diversion and BHC Probation-Program Summary,internal_directive,diversion,2.0,progressive,diversion,quality_of_life_enforcement,significant,mandatory,more_lenient,more_lenient,"This document establishes comprehensive Behavioral Health Court programs offering both pre-plea diversion and specialized probation for defendants with serious mental illness charged with felonies. The programs provide extensive treatment services, housing, case management, and supervision as alternatives to traditional prosecution and incarceration. The policy reflects a progressive therapeutic approach that prioritizes treatment over punishment, with successful completion potentially resulting in charge dismissal or reduction, though it maintains exclusions for serious violent and sexual offenses.",2020.08.23_San Diego County_BHC Diversion and BHC Probation-Program Summary.pdf,ab_3234_misdemeanor_diversion,AB 3234 (Misdemeanor Diversion),2021-01-01,-131.0,statewide_legislation
2020_08_25_placer_county_ab_2542_concurrence_in_senate_amendments,2020-08-25,Placer County,AB 2542 Concurrence in Senate Amendments,internal_directive,racial_justice,2.0,progressive,charging,public_safety_perception,significant,mandatory,more_lenient,more_lenient,"This document presents AB 2542, legislation that prohibits prosecutors from seeking convictions or sentences based on race, ethnicity, or national origin. The bill establishes mechanisms for defendants to challenge prosecutorial decisions and court proceedings where racial bias may have occurred, with remedies including case dismissal, sentence reduction, or new proceedings. This represents a significant progressive criminal justice reform focused on eliminating systemic racism from California's prosecutorial and judicial processes. The legislation mandates fundamental changes to how prosecutors approach charging and sentencing decisions, requiring consideration of potential racial bias at all stages.",2020.08.25_Placer County_AB 2542 Concurrence in Senate Amendments.pdf,ab_3234_misdemeanor_diversion,AB 3234 (Misdemeanor Diversion),2021-01-01,-129.0,statewide_legislation
2020_08_25_ab_2542_concurrence_in_senate_amendments,2020-08-25,Monterey County,AB 2542-Concurrence in Senate Amendments,internal_directive,racial_justice,2.0,progressive,charging,public_safety_perception,significant,mandatory,more_lenient,more_lenient,"This document announces AB 2542, legislation that prohibits seeking convictions or sentences based on race, ethnicity, or national origin. The bill establishes statistical standards for identifying racial disparities in prosecution and sentencing, and provides remedies including sentence reductions and conviction dismissals. This represents a significant progressive reform focused on eliminating racial bias from California's criminal justice system, with impacts on both charging decisions and sentencing practices.",2020.08.25_AB 2542-Concurrence in Senate Amendments.pdf,ab_3234_misdemeanor_diversion,AB 3234 (Misdemeanor Diversion),2021-01-01,-129.0,statewide_legislation
2020_08_25_santa_barbara_county_ab_2542_concurrence_in_senate_amendments,2020-08-25,Santa Barbara County,AB 2542-Concurrence in Senate Amendments,internal_directive,racial_justice,2.0,progressive,charging,public_safety_perception,significant,mandatory,more_lenient,more_lenient,"This document outlines AB 2542, legislation that prohibits seeking criminal convictions or sentences based on race, ethnicity, or national origin. The bill creates mechanisms for defendants to challenge racially biased prosecutions and provides courts with remedial powers including sentence reductions, conviction vacations, and new proceedings. This represents a significant progressive criminal justice reform focused on eliminating systemic racial discrimination from California's prosecutorial system, with impacts on both charging decisions and post-conviction relief.",2020.08.25_Santa Barbara County_AB 2542-Concurrence in Senate Amendments.pdf,ab_3234_misdemeanor_diversion,AB 3234 (Misdemeanor Diversion),2021-01-01,-129.0,statewide_legislation
2020_09_08_los_angeles_county_parole_periods_and_prison_closures_with_cdcr_demog,2020-09-08,Los Angeles County,Parole Periods and Prison Closures (with CDCR Demographics Data),internal_directive,sentencing,2.0,progressive,sentencing,public_safety_perception,significant,mandatory,neutral,more_lenient,"This document contains two memos: an informational memo about state law changes to parole periods, and a comprehensive policy directive from DA George Gascón mandating dramatic reforms to resentencing practices. The Gascón memo establishes a clearly progressive agenda, calling for resentencing review of 20,000-30,000 cases, elimination of sentence enhancements, support for early parole, and explicit focus on addressing racial disparities in the criminal justice system. The directive represents a fundamental shift from traditional prosecutorial approaches, framing mass incarceration as a racist system requiring comprehensive reform.",2020.09.08_Los Angeles County_Parole Periods and Prison Closures (with CDCR Demographics Data).pdf,gascon_la_sd_20_08_enhancements,Gascón SD 20-08: Sentencing Enhancements Ban,2020-12-08,-91.0,county_da_directive
2020_09_21_san_francisco_county_policy_on_charging_decisions_and_police_accounta,2020-09-21,San Francisco County,Policy on Charging Decisions and Police-Accountability,internal_directive,charging_decisions,2.0,progressive,charging,quality_of_life_enforcement,significant,mandatory,more_lenient,not_applicable,"This policy directive establishes a mandatory prohibition on filing criminal charges in cases that rely on officers with proven records of serious misconduct including excessive force, racial bias, or dishonesty. The policy explicitly frames police accountability as necessary to protect people of color from abuse and build community trust. It creates systematic procedures for reviewing officer misconduct records and requires data collection on cases declined under this policy, representing a significant shift toward prioritizing police accountability over prosecution rates.",2020.09.21_San Francisco County_Policy on Charging Decisions and Police-Accountability.pdf,ab_3234_misdemeanor_diversion,AB 3234 (Misdemeanor Diversion),2021-01-01,-102.0,statewide_legislation
2020_09_30_placer_county_ab_3070,2020-09-30,Placer County,AB 3070,internal_directive,racial_justice,2.0,progressive,charging,public_safety_perception,significant,mandatory,more_lenient,more_lenient,"Assembly Bill 3070 is a comprehensive jury selection reform law that significantly restricts the use of peremptory challenges to exclude jurors based on protected characteristics. The law establishes presumptions against challenges based on distrust of law enforcement, beliefs about discriminatory policing, and various socioeconomic factors that disproportionately affect communities of color. By recognizing both conscious and unconscious bias and creating strong procedural protections, this legislation represents a major progressive reform aimed at ensuring more representative juries in criminal cases. The law will substantially impact trial outcomes by limiting prosecutors' traditional advantages in jury selection.",2020.09.30_Placer County_AB 3070.pdf,ab_3234_misdemeanor_diversion,AB 3234 (Misdemeanor Diversion),2021-01-01,-93.0,statewide_legislation
2020_09_30_san_luis_obispo_county_ab_3070_juries_peremptory_challenges,2020-09-30,San Luis Obispo County,AB 3070 Juries-Peremptory Challenges,internal_directive,racial_justice,2.0,progressive,charging,public_safety_perception,significant,mandatory,neutral,more_lenient,"AB 3070 is California legislation that significantly restricts the use of peremptory challenges in jury selection to eliminate racial and other forms of discrimination. The law creates presumptive invalidity for challenges based on protected characteristics, recognizes unconscious bias, and specifically protects jurors who distrust law enforcement or believe in discriminatory policing. This represents a major progressive reform aimed at ensuring more diverse and representative juries in criminal cases.",2020.09.30_San Luis Obispo County_AB 3070 Juries-Peremptory Challenges.pdf,ab_3234_misdemeanor_diversion,AB 3234 (Misdemeanor Diversion),2021-01-01,-93.0,statewide_legislation
2020_09_30_san_luis_obispo_county_ab_2542_bill_text,2020-09-30,San Luis Obispo County,AB 2542 Bill Text,internal_directive,racial_justice,2.0,progressive,charging,public_safety_perception,significant,mandatory,more_lenient,more_lenient,"This document explains AB 2542, California legislation that prohibits seeking criminal convictions or sentences based on race, ethnicity, or national origin. The bill creates new habeas corpus grounds for defendants to challenge racially discriminatory prosecutions and allows courts to impose remedies for such violations. This represents a significant progressive criminal justice reform aimed at eliminating systemic racial bias from California's criminal justice system. The legislation acknowledges that racial discrimination has been pervasive in criminal justice and establishes legal mechanisms to actively combat it going forward.",2020.09.30_San Luis Obispo County_AB 2542 Bill Text.pdf,ab_3234_misdemeanor_diversion,AB 3234 (Misdemeanor Diversion),2021-01-01,-93.0,statewide_legislation
2020_10_02_monterey_county_ab_2542_criminal_procedure_discrimination,2020-10-02,Monterey County,AB 2542-Criminal Procedure-Discrimination,internal_directive,racial_justice,2.0,progressive,charging,public_safety_perception,moderate,strong_guidance,more_lenient,more_lenient,"This document is a policy memo from the Monterey County District Attorney's office expressing strong support for AB 2542, legislation aimed at addressing racial discrimination in California's criminal justice system. The memo acknowledges that racial bias pervades the justice system and supports new mechanisms that would allow defendants to challenge racially discriminatory practices through habeas corpus petitions and motions to vacate convictions. The document reflects a clearly progressive prosecutorial approach, emphasizing the need to eliminate racial disparities and create a fairer justice system both prospectively and retroactively.",2020.10.02_Monterey County_AB 2542-Criminal Procedure-Discrimination.pdf,ab_3234_misdemeanor_diversion,AB 3234 (Misdemeanor Diversion),2021-01-01,-91.0,statewide_legislation
2020_10_02_madera_county_ab_2542_legislative_counsel_s_digest,2020-10-02,Madera County,AB 2542-Legislative Counsel's Digest,internal_directive,racial_justice,2.0,progressive,charging,public_safety_perception,significant,mandatory,more_lenient,more_lenient,"This document presents California's Racial Justice Act of 2020, which prohibits seeking convictions or sentences based on race, ethnicity, or national origin. The Act allows defendants to challenge prosecutorial decisions using statistical evidence and provides remedies including charge reductions, sentence vacations, and enhanced discovery rights. It represents a comprehensive progressive reform aimed at addressing both individual bias and systemic racial disparities in the criminal justice system, with mandatory compliance requirements for all prosecutors.",2020.10.02_Madera County_AB 2542-Legislative Counsel's Digest.pdf,ab_3234_misdemeanor_diversion,AB 3234 (Misdemeanor Diversion),2021-01-01,-91.0,statewide_legislation
2020_11_06_la_county_juvenile_legislation,2020-11-06,Los Angeles County,Juvenile Legislation,internal_directive,juvenile,2.0,progressive,charging,public_safety_perception,significant,mandatory,more_lenient,more_lenient,"This memorandum informs DA personnel about new juvenile justice legislation effective January 1, 2021, that implements comprehensive progressive reforms. The changes systematically reduce entry points into the juvenile court system by making services voluntary, eliminating mandatory prosecution triggers, requiring community referrals, and expanding diversion programs. The legislation also enhances protections for youth already in the system through expanded Miranda rights, automatic record sealing, and policies keeping youth in juvenile rather than adult facilities, reflecting a clear rehabilitative rather than punitive approach to juvenile justice.",2020.11.06_LA County_Juvenile Legislation.pdf,gascon_la_takes_office,George Gascón Sworn In as LA DA — Day-One Directives,2020-12-07,-31.0,county_da_directive
2020_11_06_la_county_new_juvenile_laws_memo,2020-11-06,Los Angeles County,New Juvenile Laws Memo,internal_directive,juvenile,2.0,progressive,charging,public_safety_perception,significant,mandatory,more_lenient,more_lenient,"This memorandum informs DA personnel about five new California laws that significantly reform juvenile justice practices, effective January 1, 2021. The laws collectively reduce pathways into the juvenile justice system by eliminating truancy jurisdiction, making services voluntary, expanding diversion with automatic record sealing, and enhancing Miranda protections for minors. The legislation also restructures the juvenile justice system by closing state facilities and transferring responsibility to counties, reflecting a clear shift toward progressive, community-based approaches to juvenile justice.",2020.11.06_LA County_New Juvenile Laws Memo.pdf,gascon_la_takes_office,George Gascón Sworn In as LA DA — Day-One Directives,2020-12-07,-31.0,county_da_directive
2020_11_12_la_county_lpm_chapter_28_mental_health_division,2020-11-12,Los Angeles County,LPM Chapter 28 Mental Health Division,internal_directive,diversion,2.0,progressive,diversion,quality_of_life_enforcement,significant,mandatory,more_lenient,more_lenient,"This comprehensive policy manual establishes extensive mental health diversion and alternative sentencing programs for Los Angeles County, representing a significant shift toward therapeutic justice. The document mandates that prosecutors examine all cases where mental illness contributed to criminal behavior for diversion opportunities and creates multiple pathways to redirect defendants from traditional prosecution into community-based treatment programs. The policy reflects a progressive prosecutorial philosophy that prioritizes addressing underlying causes of criminal behavior through treatment and rehabilitation rather than punishment, while maintaining public safety exclusions for serious violent crimes.",2020.11.12_LA County_LPM Chapter 28 Mental Health Division.pdf,gascon_la_takes_office,George Gascón Sworn In as LA DA — Day-One Directives,2020-12-07,-25.0,county_da_directive
2020_12_07_la_county_special_directive_habeas_corpus_litigation_unit,2020-12-07,Los Angeles County,Special Directive-Habeas Corpus Litigation Unit,internal_directive,case_law_update,2.0,progressive,sentencing,public_safety_perception,significant,mandatory,more_lenient,more_lenient,"This directive establishes comprehensive progressive policies for the LA County DA's Habeas Corpus Litigation Unit under George Gascón's administration. The policy fundamentally shifts the unit's mission from defending convictions to seeking truth and justice, with explicit emphasis on addressing racial discrimination and bringing old convictions in line with current progressive standards. It mandates extensive investigation, liberal discovery sharing, sentence reductions, and support for compensation of the wrongfully convicted, representing a clear departure from traditional prosecutorial approaches to post-conviction review.",2020.12.07_LA County_Special Directive-Habeas Corpus Litigation Unit.pdf,gascon_la_sd_20_08_enhancements,Gascón SD 20-08: Sentencing Enhancements Ban,2020-12-08,-1.0,county_da_directive
2020_12_07_la_county_sentencing_enhancements_1,2020-12-07,Los Angeles County,LA County Sentencing Enhancements (1),internal_directive,enhancements,2.0,progressive,enhancements,public_safety_perception,significant,mandatory,neutral,more_lenient,"This directive from DA George Gascón completely eliminates the use of sentencing enhancements in Los Angeles County, including Three Strikes allegations, gang enhancements, and special circumstances that could lead to life without parole sentences. The policy is explicitly framed as a rejection of California's 'tough on crime' era and is justified through academic research showing that longer sentences may increase recidivism and evidence of racial disparities in enhancement application. The directive mandates presumptive probation for eligible cases and low-term sentences otherwise, representing a fundamental shift toward more lenient sentencing practices while maintaining stated commitments to accountability and public safety.",2020.12.07_LA County Sentencing Enhancements (1).pdf,gascon_la_sd_20_08_enhancements,Gascón SD 20-08: Sentencing Enhancements Ban,2020-12-08,-1.0,county_da_directive
2020_12_07_la_county_email_from_da_gascon_to_lada_all,2020-12-07,Los Angeles County,Email from DA Gascon to LADA - ALL,internal_directive,administrative,2.0,progressive,charging,public_safety_perception,significant,mandatory,more_lenient,more_lenient,"This is DA George Gascón's inaugural memo to all Los Angeles County prosecutors announcing his swearing-in and implementing immediate policy changes. The memo introduces a new progressive mission statement emphasizing racial equity and reduced incarceration, while announcing seven special directives covering areas like pretrial release, sentence enhancements, and death penalty cases. Gascón explicitly rejects excessive sentencing practices and encourages alternatives to incarceration, representing a major ideological shift toward progressive prosecution in the nation's largest prosecutor's office.",2020.12.07_LA County_Email from DA Gascon to LADA - ALL.pdf,gascon_la_takes_office,George Gascón Sworn In as LA DA — Day-One Directives,2020-12-07,0.0,county_da_directive
2020_12_07_la_county_pretrial_release_policy_memo,2020-12-07,Los Angeles County,Pretrial Release Policy Memo,internal_directive,bail,2.0,progressive,bail,public_safety_perception,significant,mandatory,more_lenient,more_lenient,"This Special Directive establishes a comprehensive bail reform policy that creates a presumption of pretrial release and eliminates cash bail for most offenses including all misdemeanors and non-violent felonies. The memo provides extensive racial justice analysis showing that current bail practices disproportionately impact communities of color, with 84% of pretrial detainees being people of color. The policy mandates that prosecutors seek the least restrictive release conditions possible and only request detention when there is clear and convincing evidence of substantial likelihood of great bodily harm or flight risk. This represents a fundamental shift toward progressive prosecution principles that prioritize reducing unnecessary incarceration while maintaining public safety considerations.",2020.12.07_LA County_Pretrial Release Policy Memo.pdf,gascon_la_sd_20_07_bail,Gascón SD 20-07: Pretrial Release,2020-12-07,0.0,county_da_directive
2020_12_07_la_county_special_directive_20_06,2020-12-07,Los Angeles County,Special Directive 20-06,internal_directive,bail,2.0,progressive,bail,public_safety_perception,significant,mandatory,more_lenient,more_lenient,"This Special Directive implements comprehensive bail reform in Los Angeles County, establishing a presumption of own recognizance release and eliminating cash bail for all misdemeanors and non-violent felonies. The policy is grounded in an explicit racial justice analysis showing disparate impacts on communities of color and includes detailed critiques of mass incarceration. The directive represents a significant shift toward progressive prosecution, prioritizing pretrial freedom while maintaining limited detention options only for violent felonies with clear public safety risks.",2020.12.07_LA County_Special Directive 20-06.pdf,gascon_la_sd_20_07_bail,Gascón SD 20-07: Pretrial Release,2020-12-07,0.0,county_da_directive
2020_12_07_la_county_special_directive_20_14,2020-12-07,Los Angeles County,Special Directive 20-14,internal_directive,sentencing,2.0,progressive,sentencing,public_safety_perception,significant,mandatory,more_lenient,more_lenient,"This comprehensive resentencing directive from DA George Gascón establishes sweeping reforms to reduce sentences for 20,000-30,000 people currently incarcerated from Los Angeles County. The policy mandates dismissal of enhancements in pending cases, creates a presumption favoring parole for lifers, and prioritizes resentencing for those who have served 15+ years. The directive explicitly frames mass incarceration as a racist system and represents a fundamental shift toward rehabilitation and racial equity over punishment.",2020.12.07_LA County_Special Directive 20-14.pdf,gascon_la_sd_20_08_enhancements,Gascón SD 20-08: Sentencing Enhancements Ban,2020-12-08,-1.0,county_da_directive
2020_12_07_la_county_special_directive_20_11,2020-12-07,Los Angeles County,Special Directive 20-11,internal_directive,death_penalty,2.0,progressive,sentencing,public_safety_perception,significant,mandatory,more_lenient,more_lenient,"This directive establishes a complete prohibition on seeking the death penalty in Los Angeles County, grounded primarily in racial justice concerns and systemic critique of capital punishment. The policy is both prospective (no new death penalty cases) and retrospective (seeking to overturn existing death sentences), representing a fundamental shift in prosecutorial approach. The document extensively documents racial disparities, cost concerns, and innocence risks to justify this major policy change, while emphasizing continued commitment to victim services and valid convictions.",2020.12.07_LA County_Special Directive 20-11.pdf,gascon_la_sd_20_08_enhancements,Gascón SD 20-08: Sentencing Enhancements Ban,2020-12-08,-1.0,county_da_directive
2020_12_07_la_county_special_directive_20_08,2020-12-07,Los Angeles County,Special Directive 20-08,internal_directive,enhancements,2.0,progressive,enhancements,public_safety_perception,significant,mandatory,neutral,more_lenient,"This directive from DA George Gascón completely eliminates the use of all sentencing enhancements in Los Angeles County, including Three Strikes, gang enhancements, and special circumstances allegations. The policy is explicitly framed as rejecting California's 'tough on crime' era and is justified through research showing enhancements increase recidivism and exacerbate racial disparities. The directive mandates probation as the presumptive sentence for eligible offenses and requires withdrawal of enhancements from all pending cases, representing a fundamental shift toward more lenient sentencing practices.",2020.12.07_LA County_Special Directive 20-08.pdf,gascon_la_sd_20_08_enhancements,Gascón SD 20-08: Sentencing Enhancements Ban,2020-12-08,-1.0,county_da_directive
2020_12_07_la_county_special_directive_20_07,2020-12-07,Los Angeles County,Special Directive 20-07,internal_directive,diversion,2.0,progressive,diversion,quality_of_life_enforcement,significant,mandatory,more_lenient,more_lenient,"This directive implements comprehensive misdemeanor reform in Los Angeles County, mandating declination of numerous low-level offenses including drug possession, public intoxication, and sex work-related charges. It establishes presumptive pre-plea diversion for most other misdemeanors and significantly limits punishment options while prioritizing treatment over prosecution. The policy represents a fundamental shift toward addressing underlying causes of criminal behavior rather than punishment, with particular attention to mental illness, substance abuse, and homelessness.",2020.12.07_LA County_Special Directive 20-07.pdf,gascon_la_takes_office,George Gascón Sworn In as LA DA — Day-One Directives,2020-12-07,0.0,county_da_directive
2020_12_07_la_county_special_directive_youth_justice,2020-12-07,Los Angeles County,Special Directive-Youth Justice,internal_directive,juvenile,2.0,progressive,charging,public_safety_perception,significant,mandatory,more_lenient,more_lenient,"This comprehensive juvenile justice reform directive implements a 'care over cages' philosophy that dramatically reduces youth entry into the justice system through categorical declination of misdemeanors and expanded diversion programs. For youth who do enter the system, it mandates the least severe interventions possible, including elimination of most strike charges, prohibition of enhancements, and presumption against detention. The directive represents a fundamental shift from punitive to rehabilitative approaches, emphasizing trauma-informed responses and community-based alternatives to traditional prosecution.",2020.12.07_LA County_Special Directive-Youth Justice.pdf,gascon_la_takes_office,George Gascón Sworn In as LA DA — Day-One Directives,2020-12-07,0.0,county_da_directive
2020_12_07_la_county_special_directive_misdemeanor_reform,2020-12-07,Los Angeles County,Special Directive-Misdemeanor Reform,internal_directive,diversion,2.0,progressive,diversion,quality_of_life_enforcement,significant,mandatory,more_lenient,more_lenient,"This directive implements sweeping misdemeanor reform that mandates declination of numerous low-level offenses including drug possession, public intoxication, and trespassing, while establishing presumptive pre-plea diversion for most other misdemeanors. The policy explicitly aims to redirect individuals with mental health, substance abuse, and housing issues away from prosecution toward treatment and services. It represents a fundamental shift from traditional prosecution toward a progressive approach that prioritizes addressing root causes of crime and minimizing the collateral consequences of criminal justice involvement.",2020.12.07_LA County_Special Directive-Misdemeanor Reform.pdf,gascon_la_takes_office,George Gascón Sworn In as LA DA — Day-One Directives,2020-12-07,0.0,county_da_directive
2020_12_07_la_county_special_directive_resentencing,2020-12-07,Los Angeles County,Special Directive-Resentencing,internal_directive,sentencing,2.0,progressive,sentencing,public_safety_perception,significant,mandatory,more_lenient,more_lenient,"This comprehensive resentencing directive from DA George Gascón establishes sweeping progressive criminal justice reforms focused on reducing incarceration levels and addressing racial disparities. The policy mandates retroactive application of new lenient sentencing policies to thousands of existing cases, eliminates sentence enhancements, supports parole grants, and opposes adult prosecution of minors. The directive explicitly frames mass incarceration as a racist system and commits to systematic review and resentencing of 20,000-30,000 cases to align with new progressive policies.",2020.12.07_LA County_Special Directive-Resentencing.pdf,gascon_la_sd_20_08_enhancements,Gascón SD 20-08: Sentencing Enhancements Ban,2020-12-08,-1.0,county_da_directive
2020_12_07_la_county_special_directive_sentencing_enhancements,2020-12-07,Los Angeles County,Special Directive-Sentencing Enhancements,internal_directive,enhancements,2.0,progressive,enhancements,public_safety_perception,significant,mandatory,neutral,more_lenient,"This special directive from DA George Gascón completely eliminates the use of sentencing enhancements in Los Angeles County, including Three Strikes, gang enhancements, and prior conviction enhancements. The policy establishes presumptive probation for eligible offenses and low-term sentences for others, representing a dramatic shift away from California's 'tough on crime' era. The directive is explicitly grounded in evidence about recidivism and racial disparities, reflecting a clearly progressive prosecutorial philosophy focused on reducing mass incarceration while maintaining public safety through alternatives to harsh sentencing.",2020.12.07_LA County_Special Directive-Sentencing Enhancements.pdf,gascon_la_sd_20_08_enhancements,Gascón SD 20-08: Sentencing Enhancements Ban,2020-12-08,-1.0,county_da_directive
2020_12_07_la_county_special_directive_20_10,2020-12-07,Los Angeles County,Special Directive 20-10,internal_directive,case_law_update,2.0,progressive,sentencing,public_safety_perception,significant,mandatory,more_lenient,more_lenient,"This directive establishes comprehensive new policies for LA County's Habeas Corpus Litigation Unit under DA George Gascón, fundamentally shifting from a conviction-protection model to a truth-seeking approach. The policy mandates examining racial injustice, prohibits adversarial investigation tactics, requires extensive discovery disclosure, and supports sentence reductions for cases that don't meet current fairness standards. It represents a clearly progressive approach that prioritizes justice and compensation for the wrongfully convicted over maintaining convictions at all costs.",2020.12.07_LA County_Special Directive 20-10.pdf,gascon_la_sd_20_08_enhancements,Gascón SD 20-08: Sentencing Enhancements Ban,2020-12-08,-1.0,county_da_directive
2020_12_07_la_county_special_directive_20_09,2020-12-07,Los Angeles County,Special Directive 20-09,internal_directive,juvenile,2.0,progressive,charging,public_safety_perception,significant,mandatory,more_lenient,more_lenient,"This comprehensive juvenile justice reform directive from DA George Gascón fundamentally restructures Los Angeles County's approach to youth prosecution by declining all misdemeanor prosecutions, maximizing diversion programs, and ending transfers to adult court. The policy mandates the 'lightest touch' approach throughout the system, from charging decisions through disposition, explicitly prioritizing rehabilitation and trauma-informed responses over punishment. The directive represents a clear shift toward progressive prosecution practices, emphasizing keeping youth out of the system entirely and minimizing consequences for those who do enter it.",2020.12.07_LA County_Special Directive 20-09.pdf,gascon_la_takes_office,George Gascón Sworn In as LA DA — Day-One Directives,2020-12-07,0.0,county_da_directive
2020_12_07_la_county_special_directive_20_13,2020-12-07,Los Angeles County,Special Directive 20-13,internal_directive,conviction_integrity,2.0,progressive,charging,public_safety_perception,significant,mandatory,more_lenient,more_lenient,"This Special Directive establishes a comprehensive Conviction Integrity Unit policy that goes far beyond traditional conviction review by explicitly addressing racial discrimination, requiring non-adversarial investigations, and committing to transparency and systemic reform. The policy reflects a clearly progressive prosecutorial ideology focused on correcting past injustices and preventing future wrongful convictions through office-wide policy changes. The CIU is granted broad authority to review cases, collaborate with defense counsel, and proactively assist exonerees with compensation, representing a significant departure from traditional prosecutorial approaches to post-conviction review.",2020.12.07_LA County_Special Directive 20-13.pdf,gascon_la_takes_office,George Gascón Sworn In as LA DA — Day-One Directives,2020-12-07,0.0,county_da_directive
2020_12_15_la_county_special_directive_clarification_on_languages_provided_in_sd,2020-12-15,Los Angeles County,Special Directive-Clarification on Languages Provided in SD 20-08,internal_directive,enhancements,2.0,progressive,enhancements,public_safety_perception,significant,mandatory,neutral,more_lenient,"This directive from DA George Gascón mandates the complete withdrawal of all sentencing enhancements and Three Strikes allegations from pending cases, representing a categorical rejection of enhanced sentencing practices. The policy provides specific language for prosecutors to use when requesting dismissal of enhancements, arguing they provide no public safety benefit and waste resources. The directive reflects a clearly progressive prosecutorial philosophy that prioritizes reduced incarceration and challenges the constitutionality of enhancement statutes, marking a significant departure from traditional tough-on-crime approaches.",2020.12.15_LA County_Special Directive-Clarification on Languages Provided in SD 20-08.pdf,gascon_la_amended_enhancements,Gascón Amended Directive on Sentencing Enhancements,2020-12-18,-3.0,county_da_directive
2020_12_15_la_county_special_directive_20_08_1,2020-12-15,Los Angeles County,Special Directive 20-08.1,internal_directive,enhancements,2.0,progressive,enhancements,public_safety_perception,significant,mandatory,more_lenient,more_lenient,"This directive from DA George Gascón mandates the withdrawal of all sentence enhancements and three strikes allegations in pending cases, representing a dramatic shift toward progressive prosecution. The policy argues that enhancements provide no public safety benefit and waste resources, while asserting the DA's constitutional authority to make these charging decisions. Deputies are provided specific language to use in court and procedures to follow if courts resist dismissing enhancements, indicating this is a comprehensive office-wide policy change.",2020.12.15_LA County_Special Directive 20-08.1.pdf,gascon_la_amended_enhancements,Gascón Amended Directive on Sentencing Enhancements,2020-12-18,-3.0,county_da_directive
2020_12_16_tuolumne_county_rja_presentation,2020-12-16,Tuolumne County,RJA Presentation,internal_directive,racial_justice,2.0,progressive,charging,public_safety_perception,significant,mandatory,more_lenient,more_lenient,"This training document educates prosecutors on California's Racial Justice Act (AB 2542), which prohibits seeking convictions or sentences based on race, ethnicity, or national origin. The training covers prohibited language, statistical analysis requirements for charging and sentencing disparities, discovery obligations, and mandatory remedies including sentence reductions and charge dismissals. The comprehensive nature of the reforms represents a significant shift toward progressive prosecutorial practices focused on eliminating racial bias in the criminal justice system.",2020.12.16_Tuolumne County_RJA Presentation.pdf,ab_3234_misdemeanor_diversion,AB 3234 (Misdemeanor Diversion),2021-01-01,-16.0,statewide_legislation
2020_12_16_monterey_county_cdaa_avoiding_bias_in_prosecution_crja_ab_2542,2020-12-16,Monterey County,CDAA-Avoiding Bias in Prosecution-CRJA-AB 2542,internal_directive,racial_justice,2.0,progressive,charging,public_safety_perception,significant,mandatory,more_lenient,more_lenient,"This document is a comprehensive training presentation on California's AB 2542 Racial Justice Act, delivered to prosecutors in Monterey County. The training provides detailed guidance on avoiding racial bias in charging and sentencing decisions, including prohibited language, discovery requirements, and potential remedies for violations. While framed as legal compliance training, the document embraces progressive prosecutorial concepts including implicit bias recognition, people-first language, and statistical analysis to identify and correct racial disparities in the criminal justice system.",2020.12.16_Monterey County_CDAA-Avoiding Bias in Prosecution-CRJA-AB 2542.pdf,ab_3234_misdemeanor_diversion,AB 3234 (Misdemeanor Diversion),2021-01-01,-16.0,statewide_legislation
2020_12_16_yuba_county_cdaa_rja_presentation,2020-12-16,Yuba County,CDAA RJA Presentation,internal_directive,racial_justice,2.0,progressive,charging,public_safety_perception,significant,mandatory,more_lenient,more_lenient,"This training document educates prosecutors on California's Racial Justice Act (AB 2542), which prohibits seeking convictions or sentences based on race, ethnicity, or national origin. The comprehensive training covers prohibited language, statistical analysis requirements for identifying disparities, discovery obligations, and mandatory remedies including sentence reductions and charge dismissals. While framed as compliance training, the document represents a significant progressive reform requiring prosecutors to systematically address racial bias in charging and sentencing practices through data analysis, language reform, and expanded defendant protections.",2020.12.16_Yuba County_CDAA RJA Presentation.pdf,ab_3234_misdemeanor_diversion,AB 3234 (Misdemeanor Diversion),2021-01-01,-16.0,statewide_legislation
2020_12_16_stanislaus_county_handouts_ab_2542_ppt_slides_cdaa_color_4,2020-12-16,Stanislaus County,HANDOUTS-AB-2542-PPT-SLIDES-CDAA-COLOR-4,internal_directive,racial_justice,2.0,progressive,charging,public_safety_perception,significant,mandatory,more_lenient,more_lenient,"This training document instructs prosecutors on compliance with AB 2542, California's Racial Justice Act, which prohibits seeking convictions or sentences based on race, ethnicity, or national origin. While covering the law's requirements for eliminating biased language and addressing racial disparities in charging and sentencing, the training takes a defensive approach, emphasizing strategies to challenge statistical evidence of bias rather than proactively addressing systemic racial inequities. The document reflects mandatory compliance with progressive racial justice reforms while maintaining a traditional prosecutorial perspective focused on limiting the law's impact.",2020.12.16_Stanislaus County_HANDOUTS-AB-2542-PPT-SLIDES-CDAA-COLOR-4.pdf,ab_3234_misdemeanor_diversion,AB 3234 (Misdemeanor Diversion),2021-01-01,-16.0,statewide_legislation
2020_12_20_contra_costa_county_email_re_racial_justice_act,2020-12-20,Contra Costa County,Email re Racial Justice Act,internal_directive,racial_justice,2.0,progressive,charging,public_safety_perception,significant,mandatory,more_lenient,more_lenient,"This internal memo discusses the implementation of California's Racial Justice Act (AB 2542), which prohibits racial bias in all stages of criminal prosecution starting in 2021. The prosecutor demonstrates a proactive, progressive approach by seeking training, coordinating with other DA offices, and proposing expanded implicit bias training for law enforcement partners. The document reflects a clear commitment to addressing systemic racial bias in the criminal justice system through education and policy compliance rather than viewing the new requirements as burdensome constraints.",2020.12.20_Contra Costa County_Email re Racial Justice Act.pdf,ab_3234_misdemeanor_diversion,AB 3234 (Misdemeanor Diversion),2021-01-01,-12.0,statewide_legislation
2021_merced_county_cdaa_elimination_of_bias_presentation,2021-01-01,Merced County,CDAA Elimination of Bias Presentation,internal_directive,racial_justice,2.0,progressive,charging,public_safety_perception,significant,mandatory,more_lenient,more_lenient,"This training document provides comprehensive guidance on complying with California's Racial Justice Act in gang prosecutions, focusing heavily on eliminating racial bias throughout the prosecutorial process. The material emphasizes avoiding discriminatory language, ensuring race-neutral decision-making in charging and sentencing, and recognizing both conscious and unconscious bias. The document represents a clear shift toward progressive prosecutorial practices prioritizing equal protection and fair treatment over traditional tough-on-crime approaches, particularly in the context of gang cases where racial disparities have historically been pronounced.",2021_Merced County_CDAA Elimination of Bias Presentation.pdf,ab_3234_misdemeanor_diversion,AB 3234 (Misdemeanor Diversion),2021-01-01,0.0,statewide_legislation
2021_san_francisco_county_combined_office_training_calendar,2021-01-01,San Francisco County,Combined Office Training Calendar,internal_directive,administrative,2.0,progressive,charging,public_safety_perception,significant,mandatory,more_lenient,more_lenient,"This 2021 San Francisco DA training calendar under Chesa Boudin reflects a comprehensive progressive reform agenda focused heavily on bias elimination, racial justice, and alternatives to traditional prosecution. The extensive mandatory training on implicit bias, human trafficking victim identification, restorative justice, and jury selection discrimination demonstrates a systematic effort to transform prosecutorial practices. The inclusion of formerly incarcerated individuals as trainers and Angela Davis as a featured speaker signals a commitment to transformative justice approaches that prioritize rehabilitation and equity over punishment.",2021_San Francisco County_Combined Office Training Calendar.pdf,ab_3234_misdemeanor_diversion,AB 3234 (Misdemeanor Diversion),2021-01-01,0.0,statewide_legislation
2021_stanislaus_county_gang_symposium_elim_of_bias_presentation,2021-01-01,Stanislaus County,Gang-Symposium-elim.-of-Bias-Presentation,internal_directive,racial_justice,2.0,progressive,charging,public_safety_perception,significant,mandatory,more_lenient,more_lenient,"This training document focuses on implementing California's Racial Justice Act in gang prosecution, providing extensive guidance on eliminating racial bias throughout the prosecutorial process. The material emphasizes constitutional equal protection principles, advocates for people-first language, and warns against discriminatory practices in charging, plea negotiations, trial conduct, and sentencing. The document represents a clear shift toward progressive prosecutorial practices prioritizing racial justice and bias elimination while maintaining gang prosecution capabilities.",2021_Stanislaus County_Gang-Symposium-elim.-of-Bias-Presentation.pdf,ab_3234_misdemeanor_diversion,AB 3234 (Misdemeanor Diversion),2021-01-01,0.0,statewide_legislation
2021_yuba_county_elimination_of_bias_presentation_gang_symposium,2021-01-01,Yuba County,Elimination of Bias Presentation Gang Symposium,internal_directive,racial_justice,2.0,progressive,charging,public_safety_perception,significant,mandatory,more_lenient,more_lenient,"This training document provides comprehensive guidance on implementing California's Racial Justice Act in gang prosecutions, focusing on eliminating bias throughout the prosecutorial process. The material systematically addresses how to avoid discriminatory language, practices, and decision-making from case issuance through sentencing. It represents a clear shift toward progressive prosecutorial practices emphasizing equal protection and racial justice compliance. The training mandates specific behavioral changes and language modifications to ensure constitutional compliance in prosecution decisions.",2021_Yuba County_Elimination of Bias Presentation Gang Symposium.pdf,ab_3234_misdemeanor_diversion,AB 3234 (Misdemeanor Diversion),2021-01-01,0.0,statewide_legislation
2021_san_francisco_county_communication_re_rja,2021-01-01,San Francisco County,Communication re RJA,internal_directive,racial_justice,2.0,progressive,charging,public_safety_perception,moderate,strong_guidance,more_lenient,more_lenient,"This document consists of email communications regarding California Racial Justice Act training organized by San Francisco's Criminal Justice Racial Equity Working Group in April 2021. The training was designed to educate multi-agency criminal justice personnel about legislation prohibiting racial bias in sentencing and convictions. The extensive coordination efforts, multi-agency participation, and focus on systemic racial equity reform reflect a clearly progressive prosecutorial approach under DA Chesa Boudin's administration, emphasizing collaborative reform over traditional enforcement priorities.",2021_San Francisco County_Communication re RJA.pdf,ab_3234_misdemeanor_diversion,AB 3234 (Misdemeanor Diversion),2021-01-01,0.0,statewide_legislation
2021_san_francisco_county_emails_re_rja_trainings_compiled,2021-01-01,San Francisco County,Emails re RJA Trainings (Compiled),internal_directive,racial_justice,2.0,progressive,charging,public_safety_perception,moderate,strong_guidance,more_lenient,more_lenient,"This document consists of email communications coordinating California Racial Justice Act training for San Francisco's Criminal Justice Racial Equity Working Group in 2021. The training, organized through the Safety + Justice Challenge partnership, aimed to educate multiple criminal justice agencies about legislation prohibiting racial bias in sentencing and convictions. The extensive coordination efforts and multi-agency participation reflect a systematic approach to implementing racial justice reforms across the San Francisco criminal justice system under DA Chesa Boudin's administration.",2021_San Francisco County_Emails re RJA Trainings (Compiled).pdf,ab_3234_misdemeanor_diversion,AB 3234 (Misdemeanor Diversion),2021-01-01,0.0,statewide_legislation
2021_monterey_county_monterey_cap_eligible_offenses,2021-01-01,Monterey County,Monterey CAP-Eligible Offenses,internal_directive,diversion,2.0,progressive,diversion,quality_of_life_enforcement,significant,mandatory,more_lenient,not_applicable,"This document establishes the Monterey County Community Accountability Program (CAP) for 2021, listing eligible offenses approved by the District Attorney's office for diversion from traditional prosecution. The comprehensive list includes minor alcohol violations, low-level property crimes under specific dollar thresholds, quality-of-life offenses, and various traffic violations. This represents a systematic progressive approach to reducing incarceration and criminal justice involvement for non-serious offenses through formal diversion protocols. The policy reflects a significant shift toward alternatives to traditional prosecution for a broad range of minor violations.",2021_Monterey County_Monterey CAP-Eligible Offenses.pdf,ab_3234_misdemeanor_diversion,AB 3234 (Misdemeanor Diversion),2021-01-01,0.0,statewide_legislation
2021_san_francisco_county_farley_lee_opposition_to_motion_for_discovery,2021-01-01,San Francisco County,Farley Lee Opposition to Motion for Discovery,internal_directive,racial_justice,2.0,progressive,charging,public_safety_perception,significant,mandatory,more_lenient,more_lenient,"This document is a legal opposition filing in a Racial Justice Act discovery motion that reveals significant progressive reforms implemented by DA Chesa Boudin's office. The filing demonstrates the office's commitment to addressing racial bias through systematic changes including blind-charging tools, policies on gang enhancement dismissals, and active engagement with racial justice legislation. While defending against an overbroad discovery request in a serious violent crime case, the document shows how the office has transformed its approach to eliminate discriminatory practices while maintaining prosecution of serious offenses.",2021_San Francisco County_Farley Lee Opposition to Motion for Discovery.pdf,ab_3234_misdemeanor_diversion,AB 3234 (Misdemeanor Diversion),2021-01-01,0.0,statewide_legislation
2021_contra_costa_county_internal_emails_re_rja_guidance,2021-01-01,Contra Costa County,Internal Emails re RJA Guidance,internal_directive,racial_justice,2.0,progressive,charging,public_safety_perception,significant,mandatory,more_lenient,more_lenient,"This document consists of internal emails from the Contra Costa County DA's office regarding implementation of California's Racial Justice Act (AB 2542). The emails show the office taking a proactive, collaborative approach to compliance, including forming internal committees, partnering with the progressive Prosecutors Alliance for training, consulting with data experts, and engaging with criminal justice reform advocates. The correspondence demonstrates a clear commitment to eliminating racial bias in prosecution practices and suggests a reform-oriented prosecutorial philosophy under DA Diana Becton's administration.",2021_Contra Costa County_Internal Emails re RJA Guidance.pdf,ab_3234_misdemeanor_diversion,AB 3234 (Misdemeanor Diversion),2021-01-01,0.0,statewide_legislation
2021_01_01_madera_county_pc_745_prohibition_of_conviction_or_sentence_on_the_bas,2021-01-01,Madera County,PC 745-Prohibition of Conviction or Sentence on the Basis of Race,internal_directive,racial_justice,2.0,progressive,charging,public_safety_perception,significant,mandatory,more_lenient,more_lenient,"This document presents California Penal Code Section 745, which prohibits criminal convictions and sentences based on race, ethnicity, or national origin. The statute creates a comprehensive framework for defendants to challenge discriminatory prosecutorial practices through statistical evidence and provides significant remedies including charge reductions, sentence vacations, and death penalty ineligibility. This represents a major progressive criminal justice reform focused on addressing systemic racial bias in prosecution and sentencing decisions.",2021.01.01_Madera County_PC 745-Prohibition of Conviction or Sentence on the Basis of Race.pdf,ab_3234_misdemeanor_diversion,AB 3234 (Misdemeanor Diversion),2021-01-01,0.0,statewide_legislation
2021_01_08_marin_county_behavioral_health_diversion_implementation_plan_pilot,2021-01-08,Marin County,Behavioral Health Diversion Implementation Plan - Pilot,internal_directive,diversion,2.0,progressive,diversion,quality_of_life_enforcement,significant,mandatory,more_lenient,not_applicable,"This document establishes a comprehensive behavioral health diversion program for defendants with mental health disorders in Marin County, representing a clearly progressive approach to criminal justice. The program prioritizes treatment over punishment, includes explicit racial equity measures, and aims to divert eligible defendants entirely away from traditional prosecution into wraparound mental health services. The policy reflects a fundamental shift toward addressing root causes of criminal behavior through therapeutic intervention rather than incarceration.",2021.01.08_Marin County_Behavioral Health Diversion Implementation Plan - Pilot.pdf,ab_3234_misdemeanor_diversion,AB 3234 (Misdemeanor Diversion),2021-01-01,7.0,statewide_legislation
2021_01_13_yolo_county_hr_div_policy_and_protocol,2021-01-13,Yolo County,HR DIV Policy and Protocol,internal_directive,diversion,2.0,progressive,diversion,quality_of_life_enforcement,significant,mandatory,more_lenient,not_applicable,"This document establishes a comprehensive harm reduction diversion policy that removes most low-level drug possession cases from criminal prosecution and redirects them to health services. The policy explicitly aims to address racial and class inequities while reallocating prosecutorial resources from minor drug offenses to serious crimes. It represents a significant shift toward treating drug use as a public health issue rather than a criminal matter, with mandatory pre-filing diversion for qualifying cases except those involving repeat offenders, registered sex offenders, or individuals with serious prior convictions.",2021.01.13_Yolo County_HR DIV Policy and Protocol.pdf,ab_3234_misdemeanor_diversion,AB 3234 (Misdemeanor Diversion),2021-01-01,12.0,statewide_legislation
2021_02_05_contra_costa_county_racial_justice_digest,2021-02-05,Contra Costa County,Racial Justice Digest,internal_directive,racial_justice,2.0,progressive,charging,public_safety_perception,moderate,strong_guidance,more_lenient,more_lenient,"This document captures inter-county collaboration among California prosecutors implementing AB 2542 (Racial Justice Act), focusing on implicit bias training, data collection, and best practices to address racial bias in prosecutorial decision-making. The prosecutors are proactively seeking training to become 'interrupters' of systemic bias and implementing concrete practices like removing racial references from case reviews. The collaborative, reform-oriented approach reflects a progressive prosecutorial ideology emphasizing racial justice and bias reduction rather than traditional tough-on-crime priorities.",2021.02.05_Contra Costa County_Racial Justice Digest.pdf,ab_3234_misdemeanor_diversion,AB 3234 (Misdemeanor Diversion),2021-01-01,35.0,statewide_legislation
2021_02_05_san_diego_county_agreement_with_sandag_re_da_jdi_program,2021-02-05,San Diego County,Agreement with SANDAG RE DA-JDI Program,internal_directive,juvenile,2.0,progressive,charging,public_safety_perception,significant,mandatory,more_lenient,not_applicable,"This document establishes a Juvenile Diversion Initiative through a partnership between the San Diego County District Attorney's office and SANDAG (San Diego Association of Governments). The program represents a progressive approach to juvenile justice that emphasizes building community resilience rather than traditional prosecution. The initiative creates formal pathways to divert juveniles from the criminal justice system, reflecting a clear policy shift toward alternatives to formal prosecution for young offenders.",2021.02.05_San Diego County_Agreement with SANDAG RE DA-JDI Program.pdf,ab_3234_misdemeanor_diversion,AB 3234 (Misdemeanor Diversion),2021-01-01,35.0,statewide_legislation
2021_02_10_contra_costa_county_racial_justice_digest,2021-02-10,Contra Costa County,Racial Justice Digest,internal_directive,racial_justice,2.0,progressive,charging,public_safety_perception,significant,mandatory,more_lenient,more_lenient,"This document captures inter-office communications among progressive district attorneys collaborating on implementation of California's Racial Justice Act (AB 2542). The prosecutors are proactively implementing comprehensive bias training, hiring external consultants to audit their demographic data, and sharing best practices to eliminate racial bias in prosecutorial decision-making. The collaborative approach and extensive reform measures demonstrate a clearly progressive prosecutorial ideology focused on racial justice and systemic reform rather than mere legal compliance.",2021.02.10_Contra Costa County_Racial Justice Digest.pdf,ab_3234_misdemeanor_diversion,AB 3234 (Misdemeanor Diversion),2021-01-01,40.0,statewide_legislation
2021_03_17_la_county_news_release_da_gascon_outlines_reforms_made_during_first_1,2021-03-17,Los Angeles County,News Release DA Gascon Outlines Reforms Made During First 100 Days In Office Promises More (2),internal_directive,administrative,2.0,progressive,charging,public_safety_perception,significant,mandatory,more_lenient,more_lenient,"This press release announces DA Gascón's comprehensive progressive criminal justice reforms implemented during his first 100 days in office, including abolishing the death penalty, ending juvenile transfers to adult court, dramatically reducing sentence enhancements, and creating new diversion programs. The document frames these changes as data-driven efforts to reduce racial disparities and unnecessary incarceration while maintaining public safety. The reforms represent a clear shift toward progressive prosecutorial policies that emphasize rehabilitation over punishment and address systemic inequities in the criminal justice system.",2021.03.17_LA County_News Release DA Gascon Outlines Reforms Made During First 100 Days In Office Promises More (2).pdf,ab_3234_misdemeanor_diversion,AB 3234 (Misdemeanor Diversion),2021-01-01,75.0,statewide_legislation
2021_03_30_monterey_county_ab_3070_voir_dire_jury_selection_presentation,2021-03-30,Monterey County,AB-3070-Voir Dire Jury Selection-Presentation,internal_directive,case_law_update,-2.0,traditional,sentencing,public_safety_perception,moderate,strong_guidance,more_lenient,more_lenient,"This training document instructs Monterey County prosecutors on jury selection procedures under new AB 3070 restrictions that limit peremptory challenges to reduce racial discrimination. While acknowledging the law's anti-discrimination goals, the training maintains a traditional prosecutorial approach that views jury selection primarily as a strategic tool for securing convictions rather than ensuring fairness. The material focuses on helping prosecutors adapt their jury selection tactics to comply with the new restrictions while still attempting to exclude jurors perceived as unfavorable to prosecution cases.",2021.03.30_Monterey County_AB-3070-Voir Dire Jury Selection-Presentation.pdf,sb_81_enhancement_presumption,SB 81 (Sentencing Enhancement Presumption of Dismissal),2022-01-01,-277.0,statewide_legislation
2021_04_01_marin_county_bail_procedures_per_humphrey,2021-04-01,Marin County,Bail Procedures per Humphrey,internal_directive,bail,2.0,progressive,bail,public_safety_perception,significant,mandatory,more_lenient,more_lenient,This document is a comprehensive procedure manual implementing the California Supreme Court's Humphrey decision on bail reform. It establishes mandatory procedures requiring courts to consider defendants' ability to pay when setting bail and to prioritize non-financial conditions and own recognizance release over monetary bail. The document represents a significant shift toward progressive bail practices that aim to eliminate wealth-based pretrial detention while maintaining public safety considerations. It provides detailed guidance for courts on when detention is permissible and emphasizes that pretrial release should be the norm rather than the exception.,2021.04.01_Marin County_Bail Procedures per Humphrey.pdf,zero_bail_statewide,CA Judicial Council Statewide Zero-Bail Emergency Order,2020-04-13,353.0,statewide_legislation
2021_04_05_sonoma_county_gang_symposium_elim_of_bias_presentation,2021-04-05,Sonoma County,Gang-Symposium-Elim.-of-Bias-Presentation,internal_directive,racial_justice,2.0,progressive,charging,public_safety_perception,significant,mandatory,more_lenient,more_lenient,"This training document provides comprehensive guidance to prosecutors on complying with California's Racial Justice Act in gang prosecutions. It focuses extensively on eliminating racial bias and discriminatory language throughout the prosecution process, from case issuance through sentencing. The training represents a progressive approach that prioritizes equal protection and constitutional mandates while acknowledging the office's continued role in gang prosecution. The document mandates specific practices to avoid both conscious and unconscious bias that could lead to racial disparities in criminal justice outcomes.",2021.04.05_Sonoma County_Gang-Symposium-Elim.-of-Bias-Presentation.pdf,ab_3234_misdemeanor_diversion,AB 3234 (Misdemeanor Diversion),2021-01-01,94.0,statewide_legislation
2021_04_05_santa_barbara_county_gang_symposium_elim_of_bias_presentation,2021-04-05,Santa Barbara County,Gang Symposium-Elim. of Bias Presentation,internal_directive,racial_justice,2.0,progressive,charging,public_safety_perception,significant,mandatory,more_lenient,more_lenient,"This training document provides comprehensive guidance to Santa Barbara County prosecutors on complying with California's Racial Justice Act in gang prosecutions. The material extensively addresses implicit bias, provides detailed instructions on avoiding discriminatory language and practices, and emphasizes equal protection principles. The training represents a clearly progressive approach that acknowledges systemic bias in prosecution and provides concrete tools to promote racial equity in charging, trial conduct, and sentencing decisions.",2021.04.05_Santa Barbara County_Gang Symposium-Elim. of Bias Presentation.pdf,ab_3234_misdemeanor_diversion,AB 3234 (Misdemeanor Diversion),2021-01-01,94.0,statewide_legislation
2021_04_05_monterey_county_gang_symposium_elim_of_bias_presentation,2021-04-05,Monterey County,Gang Symposium-Elim. of Bias-Presentation,internal_directive,racial_justice,2.0,progressive,charging,public_safety_perception,significant,mandatory,more_lenient,more_lenient,"This training document provides comprehensive guidance to prosecutors on complying with California's Racial Justice Act in gang prosecution cases. It mandates extensive changes to prosecutorial practices including elimination of racially biased language, race-neutral identification methods, and equal treatment in charging and sentencing decisions. The document represents a significant policy shift toward progressive prosecutorial practices with strong emphasis on constitutional equal protection principles and bias elimination. The training covers all aspects of prosecution from case issuance through sentencing, requiring prosecutors to actively work against both conscious and unconscious racial bias.",2021.04.05_Monterey County_Gang Symposium-Elim. of Bias-Presentation.pdf,ab_3234_misdemeanor_diversion,AB 3234 (Misdemeanor Diversion),2021-01-01,94.0,statewide_legislation
2021_04_05_placer_county_gang_symposium_elim_of_bias_presentation,2021-04-05,Placer County,Gang Symposium Elim. of Bias Presentation,internal_directive,racial_justice,2.0,progressive,charging,public_safety_perception,significant,mandatory,more_lenient,more_lenient,"This training document provides comprehensive guidance to prosecutors on complying with California's Racial Justice Act in gang prosecutions. It emphasizes eliminating both conscious and unconscious bias throughout the prosecutorial process, from case issuance through sentencing, with extensive instruction on avoiding discriminatory language and ensuring equal treatment. The document represents a clear shift toward progressive prosecutorial practices that prioritize racial justice and equal protection while maintaining the office's ability to prosecute gang cases effectively.",2021.04.05_Placer County_Gang Symposium Elim. of Bias Presentation.pdf,ab_3234_misdemeanor_diversion,AB 3234 (Misdemeanor Diversion),2021-01-01,94.0,statewide_legislation
2021_04_05_san_benito_county_gang_prosecution_rja,2021-04-05,San Benito County,Gang Prosecution & RJA,internal_directive,racial_justice,2.0,progressive,charging,public_safety_perception,significant,mandatory,more_lenient,more_lenient,"This is a comprehensive training document on California's Racial Justice Act compliance for gang prosecution, focusing on eliminating bias in prosecutorial decision-making. The training covers avoiding discriminatory language, implementing bias-free charging and sentencing practices, and promoting equal treatment under the law. The document reflects a progressive prosecutorial approach that prioritizes racial justice, recognizes systemic bias, and emphasizes humanizing defendants while maintaining prosecution of serious crimes. It represents a significant policy shift toward more equitable prosecution practices.",2021.04.05_San Benito County_Gang Prosecution & RJA.pdf,ab_3234_misdemeanor_diversion,AB 3234 (Misdemeanor Diversion),2021-01-01,94.0,statewide_legislation
2021_05_01_yolo_county_post_bias_training_policy,2021-05-01,Yolo County,Post Bias Training Policy,internal_directive,racial_justice,2.0,progressive,charging,public_safety_perception,significant,mandatory,more_lenient,more_lenient,"This policy document implements comprehensive anti-bias measures following a six-week training on systemic racism conducted by prominent criminal justice reform organizations. The policies include mandatory person-centered language, required reading of racial justice literature, and prison site visits to help prosecutors understand the impact of incarceration. These reforms represent a clear progressive shift aimed at addressing racial bias and systemic racism in prosecutorial decision-making while maintaining core prosecutorial functions.",2021.05.01_Yolo County_Post Bias Training Policy.pdf,ab_3234_misdemeanor_diversion,AB 3234 (Misdemeanor Diversion),2021-01-01,120.0,statewide_legislation
2021_05_07_san_bernardino_county_cal_pen_code_745,2021-05-07,San Bernardino County,Cal Pen Code 745,internal_directive,racial_justice,2.0,progressive,charging,public_safety_perception,significant,mandatory,more_lenient,more_lenient,"This document contains California Penal Code Section 745, the California Racial Justice Act of 2020, which prohibits seeking convictions or sentences based on race, ethnicity, or national origin. The law establishes comprehensive procedures for defendants to challenge racial bias through statistical evidence and provides remedies including charge reduction, sentence vacation, and death penalty exclusion. This represents a significant progressive shift in California's approach to addressing racial disparities in criminal justice, moving beyond requiring proof of intentional discrimination to addressing systemic bias through measurable outcomes.",2021.05.07_San Bernardino County_Cal Pen Code 745.pdf,ab_3234_misdemeanor_diversion,AB 3234 (Misdemeanor Diversion),2021-01-01,126.0,statewide_legislation
2022_10_17_pgs_668_670_discovery_obligations_bugman_05_11_21,2021-05-11,Orange County,2022.10.17 PGS. 668-670 Discovery Obligations (Bugman 05-11-21),internal_directive,racial_justice,2.0,progressive,charging,public_safety_perception,significant,mandatory,more_lenient,more_lenient,"This document outlines California's Racial Justice Act (Penal Code Section 745), which prohibits seeking convictions or sentences based on race, ethnicity, or national origin. The Act establishes multiple grounds for defendants to challenge bias, including discriminatory language, disparate charging patterns, and unequal sentencing based on defendant or victim race. It also creates discovery obligations requiring prosecutors to disclose evidence relevant to potential racial bias violations, representing a significant progressive reform aimed at addressing systemic racial disparities in criminal justice.",2022.10.17 PGS. 668-670 Discovery Obligations (Bugman 05-11-21).pdf,ab_3234_misdemeanor_diversion,AB 3234 (Misdemeanor Diversion),2021-01-01,130.0,statewide_legislation
2021_05_20_san_diego_county_da_statement_re_juvenile_diversion_program,2021-05-20,San Diego County,DA Statement RE Juvenile Diversion Program,internal_directive,juvenile,2.0,progressive,charging,public_safety_perception,significant,mandatory,more_lenient,not_applicable,"This document announces San Diego County's new Juvenile Diversion Initiative, a comprehensive pre-filing diversion program that offers youth aged 12-18 facing misdemeanor or felony charges an alternative to prosecution. The program emphasizes restorative justice, therapeutic services, and addressing root causes of criminal behavior, with the explicit goal of dismantling the school-to-prison pipeline. The initiative represents a significant progressive policy shift that prioritizes keeping juveniles out of the formal criminal justice system entirely, with an estimated 500 youth annually eligible for participation.",2021.05.20_San Diego County_DA Statement RE Juvenile Diversion Program.pdf,ab_3234_misdemeanor_diversion,AB 3234 (Misdemeanor Diversion),2021-01-01,139.0,statewide_legislation
2021_05_28_yolo_county_commons_policy_change,2021-05-28,Yolo County,Commons Policy Change,internal_directive,diversion,2.0,progressive,diversion,quality_of_life_enforcement,significant,mandatory,more_lenient,not_applicable,This press release announces a significant policy change by the Yolo County DA's Office to expand diversion program eligibility by removing automatic disqualification based on criminal history. The change was prompted by data from their new transparency portal showing racial disparities in case referrals and diversion access. The policy is expected to increase diversions by 15%-20% and represents a clear shift toward progressive prosecutorial practices focused on reducing incarceration and addressing systemic inequities. The document demonstrates the office's commitment to data-driven criminal justice reform and community accountability.,2021.05.28_Yolo County_Commons Policy Change.docx,ab_3234_misdemeanor_diversion,AB 3234 (Misdemeanor Diversion),2021-01-01,147.0,statewide_legislation
2021_06_16_contra_costa_county_email_re_couzens_racial_justice_act,2021-06-16,Contra Costa County,Email re Couzens Racial Justice Act,internal_directive,racial_justice,2.0,progressive,charging,public_safety_perception,significant,mandatory,more_lenient,more_lenient,"This document is a comprehensive training manual on California's Racial Justice Act of 2020, explaining how the new law prohibits seeking convictions or imposing sentences based on race, ethnicity, or national origin. The Act creates five specific violations including bias by court actors, discriminatory language, disparate charging practices, and sentencing disparities based on defendant or victim race. It represents a major progressive reform by allowing statistical evidence alone to prove discrimination, eliminating the previous requirement to show purposeful intent, and providing extensive remedies including case dismissal, sentence vacation, and resentencing.",2021.06.16_Contra Costa County_Email re Couzens Racial Justice Act.pdf,ab_3234_misdemeanor_diversion,AB 3234 (Misdemeanor Diversion),2021-01-01,166.0,statewide_legislation
napa_county_early_diversion_policy,2021-08-21,Napa County,Early Diversion Policy,internal_directive,diversion,2.0,progressive,diversion,quality_of_life_enforcement,significant,mandatory,more_lenient,not_applicable,"This document establishes a comprehensive pre-filing diversion program for misdemeanor offenses in Napa County, allowing eligible offenders to avoid criminal prosecution through a 3-month rehabilitation program. The policy reflects a progressive prosecutorial approach that prioritizes diversion over traditional criminal processing, emphasizing behavioral change, community support, and avoiding the collateral consequences of criminal convictions. The program includes accommodations for low-income and Spanish-speaking participants and offers individualized programming, demonstrating a focus on accessibility and rehabilitation rather than punishment.",Napa County_Early Diversion Policy.pdf,ab_3234_misdemeanor_diversion,AB 3234 (Misdemeanor Diversion),2021-01-01,232.0,statewide_legislation
san_bernardino_county_richard_t_fields_bar_assoc_presentation_re_thursgood_marsh,2021-09-10,San Bernardino County,Richard T. Fields Bar Assoc. Presentation RE Thursgood Marshall and AB 2542,internal_directive,racial_justice,2.0,progressive,charging,public_safety_perception,significant,mandatory,more_lenient,more_lenient,"This document is a training presentation for prosecutors on implementing California's Racial Justice Act (AB 2542) and related civil rights legislation. The training connects current racial justice reforms to Thurgood Marshall's civil rights legacy and provides practical guidance on identifying and preventing racial bias in prosecution. The presentation emphasizes mandatory compliance with new anti-discrimination standards in charging and sentencing decisions, requiring data collection to monitor disparate treatment, and training prosecutors to recognize implicit bias in their practices.",San Bernardino County_Richard T. Fields Bar Assoc. Presentation RE Thursgood Marshall and AB 2542.pdf,ab_3234_misdemeanor_diversion,AB 3234 (Misdemeanor Diversion),2021-01-01,252.0,statewide_legislation
2021_10_19_la_county_general_office_memorandum_21_102,2021-10-19,Los Angeles County,General Office Memorandum 21-102,internal_directive,death_penalty,2.0,progressive,sentencing,public_safety_perception,significant,mandatory,more_lenient,more_lenient,"This memorandum implements comprehensive procedures for handling cases with special circumstances allegations following the office's complete elimination of death penalty pursuit. The policy prohibits filing new special circumstances allegations and establishes that death will never be sought even in previously filed cases. The memo creates detailed administrative procedures for notifying defense counsel, obtaining waivers, and managing case settlements, while requiring Chief Deputy approval for all major decisions in these cases.",2021.10.19_LA County_General Office Memorandum 21-102.pdf,sb_81_enhancement_presumption,SB 81 (Sentencing Enhancement Presumption of Dismissal),2022-01-01,-74.0,statewide_legislation
2021_10_19_la_county_special_circumstances_cases_updated_procedure,2021-10-19,Los Angeles County,Special Circumstances Cases - Updated Procedure,internal_directive,death_penalty,2.0,progressive,sentencing,public_safety_perception,significant,mandatory,more_lenient,more_lenient,"This memorandum implements comprehensive procedures for handling existing special circumstances cases following the office's decision to completely eliminate death penalty pursuit and prohibit filing new special circumstances allegations. The document establishes mandatory notification procedures to inform defendants and courts that death sentences will not be sought, requires high-level approval for all settlements and plea negotiations in these cases, and creates systematic reporting requirements. This represents a fundamental shift toward progressive prosecutorial practices by removing the most severe punishment option and emphasizing resource efficiency over maximum punishment seeking.",2021.10.19_LA County_Special Circumstances Cases - Updated Procedure.pdf,sb_81_enhancement_presumption,SB 81 (Sentencing Enhancement Presumption of Dismissal),2022-01-01,-74.0,statewide_legislation
yolo_county_tools_for_tolerance,2021-10-21,Yolo County,Tools for Tolerance,internal_directive,racial_justice,2.0,progressive,charging,public_safety_perception,moderate,strong_guidance,more_lenient,more_lenient,"This document is training material on implicit bias for Yolo County District Attorney's office, focusing on how unconscious bias affects prosecutorial decision-making in charging, bail, and plea bargaining. The training emphasizes that racial and other disparities can occur without conscious intent and provides tools for bias reduction and procedural justice. It represents a progressive approach to prosecution that prioritizes equity and fairness in criminal justice outcomes through awareness and mitigation of implicit bias.",Yolo County_Tools for Tolerance.pdf,ab_3234_misdemeanor_diversion,AB 3234 (Misdemeanor Diversion),2021-01-01,293.0,statewide_legislation
2021_11_01_orange_county_intro_to_pc_745,2021-11-01,Orange County,Intro to PC 745,internal_directive,racial_justice,2.0,progressive,charging,public_safety_perception,significant,mandatory,more_lenient,more_lenient,"This document presents California Penal Code Section 745, the California Racial Justice Act of 2020, which prohibits seeking convictions or sentences based on race, ethnicity, or national origin. The law establishes comprehensive procedures for defendants to challenge racial bias in their cases, allows statistical evidence to prove discrimination, and provides remedies including charge reduction, sentence vacation, and death penalty exclusion. This represents a significant progressive reform that explicitly rejects the traditional acceptance of racial disparities in criminal justice as inevitable.",2021.11.01_Orange County_Intro to PC 745.pdf,ab_3234_misdemeanor_diversion,AB 3234 (Misdemeanor Diversion),2021-01-01,304.0,statewide_legislation
2021_11_12_santa_clara_county_email_re_bail_redacted,2021-11-12,Santa Clara County,Email RE Bail Redacted,internal_directive,bail,2.0,progressive,bail,public_safety_perception,significant,mandatory,more_lenient,more_lenient,"This policy memo outlines Santa Clara County DA's comprehensive bail reform policy that eliminates prosecutorial requests for cash bail and presumes OR release for most defendants. The policy reflects a progressive approach prioritizing pretrial release over detention, with SORP conditions used when necessary and detention reserved only for cases where public safety cannot be otherwise ensured. The memo was distributed to judges to ensure court awareness of the DA's new approach to bail recommendations.",2021.11.12_Santa Clara County_Email RE Bail_Redacted.pdf,,,,,
2021_11_19_santa_clara_county_email_re_dao_position_on_cash_bail_redacted,2021-11-19,Santa Clara County,Email RE DAO position on cash bail Redacted,internal_directive,bail,2.0,progressive,bail,public_safety_perception,significant,mandatory,more_lenient,more_lenient,"This document reveals a comprehensive bail reform policy implemented by the Santa Clara County District Attorney's Office that fundamentally rejects the use of cash bail as ineffective for public safety or ensuring court appearances. The policy requires prosecutors to default to release with conditions and only seek detention (no bail) for genuine public safety or flight risks, with cash bail only requested as a fallback when judges reject detention requests. The email exchange shows the policy is being actively implemented and monitored, with coordination between the DA's office and public defender to ensure consistent application across misdemeanor cases.",2021.11.19_Santa Clara County_Email RE DAO position on cash bail_Redacted.pdf,,,,,
2021_11_29_la_county_special_directive_habeas_corpus_litigation,2021-11-29,Los Angeles County,Special Directive-Habeas Corpus Litigation,internal_directive,case_law_update,2.0,progressive,sentencing,public_safety_perception,significant,mandatory,more_lenient,more_lenient,"This directive establishes comprehensive policies for the LA County DA's Habeas Corpus Litigation Unit that fundamentally reorient the office's approach from defending convictions to seeking justice. The policy mandates thorough investigation of potentially meritorious claims, prohibits routine procedural defenses, and requires active remediation of injustices including racial discrimination. It represents a clearly progressive shift that prioritizes truth-seeking over conviction protection, with particular emphasis on bringing past sentences in line with current standards and facilitating relief for the wrongfully convicted.",2021.11.29_LA County_Special Directive-Habeas Corpus Litigation.pdf,sb_81_enhancement_presumption,SB 81 (Sentencing Enhancement Presumption of Dismissal),2022-01-01,-33.0,statewide_legislation
2021_11_29_la_county_special_directive_21_04,2021-11-29,Los Angeles County,Special Directive 21-04,internal_directive,case_law_update,2.0,progressive,sentencing,public_safety_perception,significant,mandatory,more_lenient,more_lenient,"This directive establishes comprehensive progressive policies for the LA County DA's Habeas Corpus Litigation Unit, fundamentally shifting from a conviction-protection model to a truth-seeking approach. The policy mandates remedying racial injustice, prohibits adversarial investigation tactics, requires resentencing cases to meet current progressive standards, and assists wrongfully convicted individuals with compensation and reentry. This represents a clear departure from traditional prosecutorial practices toward a progressive model prioritizing justice over conviction rates.",2021.11.29_LA County_Special Directive 21-04.pdf,sb_81_enhancement_presumption,SB 81 (Sentencing Enhancement Presumption of Dismissal),2022-01-01,-33.0,statewide_legislation
2021_12_29_la_county_special_directive_21_04,2021-12-29,Los Angeles County,Special Directive 21-04,internal_directive,case_law_update,2.0,progressive,sentencing,public_safety_perception,significant,mandatory,more_lenient,more_lenient,"This directive fundamentally reorients the LA County DA's approach to habeas corpus litigation from defending convictions to seeking truth and justice. It mandates that prosecutors remedy racial injustice, align old convictions with current progressive standards, and prioritize actual innocence over procedural finality. The policy represents a clear break from traditional prosecutorial practices, emphasizing systemic reform and individual remedy over conviction protection.",2021.12.29_LA County_Special Directive 21-04.pdf,sb_81_enhancement_presumption,SB 81 (Sentencing Enhancement Presumption of Dismissal),2022-01-01,-3.0,statewide_legislation
2022_01_01_san_luis_obispo_county_ab_3070_training_bulletin,2022-01-01,San Luis Obispo County,AB 3070 training bulletin,internal_directive,case_law_update,2.0,progressive,sentencing,public_safety_perception,significant,mandatory,more_lenient,more_lenient,"This training document explains AB 3070, new California legislation effective January 1, 2022, that significantly reforms jury selection procedures to eliminate racial and other forms of discrimination. The law incorporates progressive concepts like implicit bias, eliminates the requirement to prove intentional discrimination, creates presumptively invalid reasons for jury challenges, and establishes new evidentiary standards favoring inclusion. While presented in a neutral, informational tone for training purposes, the document describes a major progressive reform aimed at achieving racial justice in jury selection.",2022.01.01_San Luis Obispo County_AB 3070 training bulletin.pdf,sb_81_enhancement_presumption,SB 81 (Sentencing Enhancement Presumption of Dismissal),2022-01-01,0.0,statewide_legislation
2022_marin_county_cultural_competency_training_mcda,2022-01-01,Marin County,Cultural Competency Training MCDA,internal_directive,racial_justice,2.0,progressive,charging,public_safety_perception,significant,mandatory,more_lenient,more_lenient,"This document outlines a comprehensive cultural competency and anti-racism training program for the Marin County District Attorney's Office, implemented in response to the George Floyd protests and broader racial justice movement. The training covers historical racism, implicit bias elimination, white privilege awareness, and provides extensive resources for prosecutors to become actively anti-racist in their work. The program represents a clearly progressive approach to prosecutorial reform, emphasizing the need to address systemic racism and bias in criminal justice decision-making. While it doesn't specify concrete policy changes, the comprehensive nature of the training suggests a significant shift toward racial equity in prosecutorial practices.",2022_Marin County_Cultural Competency Training MCDA.pdf,ab_3234_misdemeanor_diversion,AB 3234 (Misdemeanor Diversion),2021-01-01,365.0,statewide_legislation
2022_amador_county_new_jury_voir_dire_and_wheeler_batson_rules,2022-01-01,Amador County,New Jury Voir Dire and Wheeler-Batson Rules,internal_directive,racial_justice,2.0,progressive,charging,public_safety_perception,significant,mandatory,more_lenient,more_lenient,"This comprehensive training document explains implementation of California's Racial Justice Act (AB 2542) and new jury selection rules (AB 3070), both effective January 1, 2022. The materials provide extensive guidance on avoiding racially biased language and conduct, implementing statistical analysis to identify disparate outcomes, and handling the new legal remedies available for racial bias claims. The document represents a significant shift toward progressive criminal justice reform with strong emphasis on addressing both explicit and implicit racial bias in prosecution.",2022_Amador County_New Jury Voir Dire and Wheeler-Batson Rules.pdf,ab_3234_misdemeanor_diversion,AB 3234 (Misdemeanor Diversion),2021-01-01,365.0,statewide_legislation
2022_01_01_marin_county_ab_3070_new_jury_voir_dire_wheeler_batson_rules,2022-01-01,Marin County,AB 3070-New Jury Voir Dire & Wheeler-Batson Rules,internal_directive,case_law_update,2.0,progressive,sentencing,public_safety_perception,significant,mandatory,more_lenient,more_lenient,"This document explains AB 3070, new California legislation effective January 1, 2022, that significantly reforms jury selection procedures to eliminate discriminatory use of peremptory challenges. The law creates new objective standards, eliminates requirements to prove intentional discrimination, recognizes implicit bias, and establishes presumptively invalid reasons for jury exclusion. This represents a major progressive reform aimed at creating more diverse and representative juries, particularly protecting people of color and other marginalized groups from systematic exclusion.",2022.01.01_Marin County_AB 3070-New Jury Voir Dire & Wheeler-Batson Rules.pdf,sb_81_enhancement_presumption,SB 81 (Sentencing Enhancement Presumption of Dismissal),2022-01-01,0.0,statewide_legislation
2022_01_01_san_benito_county_ab_3070_summary,2022-01-01,San Benito County,AB 3070 Summary,internal_directive,case_law_update,2.0,progressive,sentencing,public_safety_perception,significant,mandatory,more_lenient,more_lenient,"This document provides San Benito County prosecutors with guidance on AB 3070, new legislation that dramatically reforms jury selection procedures to eliminate racial and other forms of discrimination. The law eliminates traditional Wheeler-Batson requirements, creates presumptively invalid reasons for peremptory challenges (including distrust of law enforcement), and establishes new standards based on unconscious bias theory. The office presents this progressive reform in a neutral, informational manner, suggesting acceptance of the new racial justice-oriented framework that will significantly impact prosecution practices and case outcomes.",2022.01.01_San Benito County_AB 3070 Summary.pdf,sb_81_enhancement_presumption,SB 81 (Sentencing Enhancement Presumption of Dismissal),2022-01-01,0.0,statewide_legislation
2022_02_18_la_county_general_office_memorandum_22_026,2022-02-18,Los Angeles County,General Office Memorandum 22-026,internal_directive,juvenile,2.0,progressive,charging,public_safety_perception,significant,mandatory,more_lenient,more_lenient,"This memo establishes a Youth Justice Committee to provide individualized review of serious juvenile cases with an explicit focus on rehabilitative and restorative outcomes rather than punishment. The committee will maintain databases of treatment programs, coordinate with defense counsel and stakeholders, and seek alternatives to traditional juvenile justice dispositions while maintaining existing restrictions on transferring youth to adult court. The policy represents a clear progressive approach prioritizing treatment and community-based solutions even for serious violent crimes involving juveniles.",2022.02.18_LA County_General Office Memorandum 22-026.pdf,,,,,
2022_03_09_santa_clara_county_bail_policy_redacted,2022-03-09,Santa Clara County,Bail Policy Redacted,internal_directive,bail,2.0,progressive,bail,public_safety_perception,significant,mandatory,more_lenient,more_lenient,"This policy memo establishes Santa Clara County DA's comprehensive bail reform policy, explicitly rejecting cash bail as inequitable and committing to not request cash bail for defendants. The policy creates a presumption of own recognizance release for most defendants, with supervised release as an alternative, while maintaining detention authority only for cases where public safety cannot be protected through conditions. This represents a significant progressive shift toward reducing pretrial incarceration and eliminating wealth-based detention decisions.",2022.03.09_Santa Clara County_Bail Policy_Redacted.pdf,,,,,
2022_03_09_santa_clara_county_dao_position_on_cash_bail_redacted,2022-03-09,Santa Clara County,DAO position on cash bail Redacted,internal_directive,bail,2.0,progressive,bail,public_safety_perception,significant,mandatory,more_lenient,more_lenient,"This document reveals a Santa Clara County DA's office policy that fundamentally rejects cash bail as ineffective for public safety, instead defaulting to release with conditions for most defendants. The policy requires prosecutors to first seek no-bail detention for public safety risks, and only request cash bail if judges reject the detention request. This represents a significant progressive reform that prioritizes evidence-based risk assessment over financial ability to pay, substantially reducing pretrial detention for most defendants while maintaining detention options for genuine public safety concerns.",2022.03.09_Santa Clara County_DAO position on cash bail_Redacted.pdf,,,,,
riverside_county_rja_training,2022-03-27,Riverside County,RJA Training,internal_directive,racial_justice,2.0,progressive,charging,public_safety_perception,significant,mandatory,more_lenient,more_lenient,"This training document introduces prosecutors to California's Racial Justice Act (AB 2542), which provides mechanisms to challenge criminal convictions and sentences based on racial bias. The document acknowledges systemic racism in criminal justice and outlines four types of violations, from individual bias to statistical disparities in charging and sentencing. The Act provides significant remedies including charge dismissal, sentence reduction, and mistrials when racial bias is proven by preponderance of evidence. This represents a major progressive reform prioritizing racial equity and requiring prosecutors to justify disparities with race-neutral explanations.",Riverside County_RJA Training.pdf,,,,,
santa_clara_county_bail_policy_described,2022-05-31,Santa Clara County,Bail Policy Described,internal_directive,bail,2.0,progressive,bail,public_safety_perception,significant,mandatory,more_lenient,more_lenient,"This document establishes a comprehensive bail reform policy for Santa Clara County that eliminates prosecutorial requests for cash bail based on the belief that it is inequitable and ineffective. The policy creates a presumption of own recognizance release for most defendants, with supervised release as an alternative using minimal necessary conditions. While maintaining detention authority for public safety cases, the policy fundamentally rejects financial barriers to pretrial release and demonstrates a progressive approach to pretrial justice.",Santa Clara County_Bail Policy Described.pdf,,,,,
santa_clara_county_policy_described,2022-05-31,Santa Clara County,Policy Described,internal_directive,bail,2.0,progressive,bail,public_safety_perception,significant,mandatory,more_lenient,more_lenient,"This policy document establishes Santa Clara County DA's comprehensive bail reform approach, explicitly rejecting cash bail as inequitable and mandating that prosecutors not request monetary bail. The policy creates a presumption toward own recognizance release for most defendants, with supervised release as the next option using minimal necessary conditions. While maintaining detention authority for public safety risks, the document represents a clear shift toward progressive pretrial justice practices focused on reducing incarceration based on inability to pay.",Santa Clara County_Policy Described.pdf,,,,,
santa_clara_county_bend_the_arc_reforms_update,2022-05-31,Santa Clara County,Bend the Arc Reforms Update,internal_directive,racial_justice,2.0,progressive,charging,public_safety_perception,significant,mandatory,more_lenient,more_lenient,"This document presents a comprehensive update on the Santa Clara County DA's 'Bend the Arc' reform initiative, which implements sweeping changes designed to address racial disparities in the criminal justice system. The reforms span both who enters the system (expanded diversion, revised charging standards, elimination of certain prosecutions) and how people are treated within it (ending death penalty, eliminating cash bail support, automatic expungements). Every reform is explicitly framed through a racial justice lens, representing a fundamental shift from traditional prosecutorial approaches toward progressive, equity-focused criminal justice policies. The document demonstrates a clear ideological commitment to reducing incarceration and addressing systemic racism rather than maximizing punishment.",Santa Clara County_Bend the Arc Reforms Update.pdf,,,,,
sacramento_county_ab_2542_training,2022-07-11,Sacramento County,AB 2542 Training,internal_directive,racial_justice,2.0,progressive,charging,public_safety_perception,significant,mandatory,more_lenient,more_lenient,"This comprehensive training document implements California's Racial Justice Act (AB 2542) within Sacramento County's prosecutor's office, mandating significant changes to prosecutorial practices to eliminate racial bias. The training covers prohibited language, required statistical monitoring for disparities, and extensive remedies including charge reduction and sentence vacation for violations. The document represents a fundamental shift toward progressive prosecutorial practices, emphasizing equity, implicit bias recognition, and systemic reform while maintaining law enforcement functions. The mandatory nature and comprehensive scope indicate this reflects a major office-wide policy transformation prioritizing racial justice in prosecutorial decision-making.",Sacramento County_AB 2542 Training.pdf,,,,,
2022_10_17_pgs_827_850_voir_dire_in_light_of_ab_3070_redacted_secured,2022-10-17,Orange County,2022.10.17 PGS. 827-850 Voir Dire in light of AB 3070-REDACTED SECURED,internal_directive,racial_justice,2.0,progressive,charging,public_safety_perception,significant,mandatory,more_lenient,more_lenient,"This training document explains AB 3070, a California law that significantly reforms peremptory challenge procedures to combat racial bias in jury selection. The law eliminates the requirement to prove intentional discrimination, creates extensive lists of presumptively invalid reasons for challenging jurors, and establishes new standards that make it much harder for prosecutors to exclude members of protected classes from juries. This represents a major progressive criminal justice reform focused on addressing both conscious and unconscious bias in the jury selection process.",2022.10.17 PGS. 827-850 Voir Dire in light of AB 3070-REDACTED SECURED.pdf,,,,,
2023_sacramento_county_sicuro_data_analytics_contract_appendix,2023-01-01,Sacramento County,Sicuro Data Analytics Contract Appendix,internal_directive,racial_justice,2.0,progressive,charging,public_safety_perception,significant,mandatory,more_lenient,more_lenient,"This contract between Sacramento County DA's office and Sicuro Data Analytics establishes a comprehensive three-phase analysis to identify racial disparities in prosecutorial charging and sentencing decisions in compliance with California's Racial Justice Act. The analysis will examine whether similarly situated defendants of different races receive disparate treatment in charging decisions and case outcomes. The contract demonstrates a proactive progressive approach to addressing potential prosecutorial bias through statistical analysis, public transparency dashboards, and systematic identification of outlier practices that deviate from office-wide norms.",2023_Sacramento County_Sicuro Data Analytics Contract Appendix.pdf,,,,,
2023_merced_county_exhibit_b_rja_training,2023-01-01,Merced County,Exhibit B RJA training,internal_directive,racial_justice,2.0,progressive,charging,public_safety_perception,significant,mandatory,more_lenient,more_lenient,"This training document educates prosecutors about California's Racial Justice Act, which allows defendants to challenge convictions based on racial bias or discrimination. The training explains four pathways for proving RJA violations, discovery procedures, and remedies that include reducing charges, dismissing enhancements, and modifying sentences. While providing some guidance on defending against RJA motions, the document primarily focuses on implementing a law designed to address racial disparities in charging and sentencing practices. The training represents a significant policy shift toward recognizing and remedying both explicit and implicit racial bias in the criminal justice system.",2023_Merced County_Exhibit B RJA training.PDF,,,,,
2021_01_san_bernardino_county_crja_2020_ab_2542,2025-01-21,San Bernardino County,2021.01 San Bernardino County CRJA 2020 (AB 2542),internal_directive,racial_justice,2.0,progressive,charging,public_safety_perception,significant,mandatory,more_lenient,more_lenient,"This document is a judicial training memorandum explaining California's Racial Justice Act of 2020, which creates new legal mechanisms to challenge criminal convictions and sentences based on racial bias. The Act allows defendants to use statistical evidence to prove discriminatory treatment in charging and sentencing decisions, explicitly addressing both intentional and implicit bias. It represents a significant progressive reform that provides mandatory remedies including case dismissal, resentencing, or sentence reduction when racial bias is established, fundamentally changing how racial discrimination claims are evaluated in California's criminal justice system.",2021.01_San Bernardino County_CRJA 2020 (AB 2542).pdf,,,,,
2021_01_marin_county_ab_2542_couzens_on_rja_final,2025-01-21,Marin County,2021.01 Marin County AB 2542-COUZENS ON RJA (FINAL),internal_directive,racial_justice,2.0,progressive,charging,public_safety_perception,significant,mandatory,more_lenient,more_lenient,"This document is a comprehensive training manual for implementing California's Racial Justice Act of 2020, which prohibits seeking convictions or sentences based on race, ethnicity, or national origin. The Act represents a progressive shift by allowing statistical evidence alone to establish discrimination, addressing both explicit and implicit bias, and providing meaningful remedies including case dismissal and resentencing. The legislation fundamentally changes how racial bias challenges are evaluated in criminal cases, moving away from requiring proof of intentional discrimination to accepting aggregate data showing disparate treatment of similarly situated defendants.",2021.01_Marin County_AB 2542-COUZENS ON RJA (FINAL).pdf,,,,,
2021_01_orange_county_da_training_bulletin_ab_2542,2025-01-21,Orange County,2021.01 Orange County DA Training Bulletin (AB 2542),internal_directive,racial_justice,2.0,progressive,charging,public_safety_perception,significant,mandatory,more_lenient,more_lenient,"This training bulletin explains California's Racial Justice Act (AB 2542), which prohibits seeking convictions or sentences based on race, ethnicity, or national origin. The law creates comprehensive procedures for defendants to challenge prosecutorial decisions using statistical evidence of racial disparities, establishes new discovery obligations for prosecutors, and provides remedies including charge reductions, sentence vacation, and death penalty ineligibility. While presented as neutral training material, the document reflects implementation of significant progressive criminal justice reforms aimed at addressing systemic racial bias in prosecutorial decision-making.",2021.01_Orange County_DA Training Bulletin (AB 2542).pdf,,,,,
2019_03_yolo_county_addiction_intervention_court_guidelines,2025-03-19,Yolo County,2019.03 Yolo County Addiction Intervention Court Guidelines,internal_directive,diversion,2.0,progressive,diversion,quality_of_life_enforcement,significant,mandatory,more_lenient,more_lenient,"This document establishes the Yolo County Addiction Intervention Court, a comprehensive diversion program for up to 30 adult offenders whose crimes are primarily motivated by substance abuse. The program represents a clearly progressive prosecutorial approach, emphasizing treatment over punishment through a collaborative team model that includes behavioral health professionals, graduated rewards over sanctions, and individualized treatment plans. The policy creates significant opportunities for defendants to avoid traditional prosecution through deferred entry of judgment and focuses on addressing root causes of criminal behavior while measuring success through positive life outcomes like employment and family reunification rather than solely criminal justice metrics.",2019.03_Yolo County_Addiction Intervention Court Guidelines.pdf,,,,,
2019_04_sacramento_county_collaborative_courts_how_to_guide,2025-04-19,Sacramento County,2019.04 Sacramento County Collaborative Courts-How to Guide,internal_directive,diversion,2.0,progressive,diversion,quality_of_life_enforcement,significant,mandatory,more_lenient,more_lenient,"This comprehensive procedural manual establishes seven specialized treatment courts (Mental Health, Veterans, Drug, Reentry, DUI, ReSET, and Proposition 36) that provide alternatives to traditional prosecution for defendants with underlying issues like mental illness, substance abuse, and military trauma. The document reflects a clearly progressive prosecutorial philosophy that prioritizes treatment, rehabilitation, and addressing root causes of criminal behavior over punishment. Most programs offer case dismissal upon successful completion, demonstrating significant impact on both who enters the traditional criminal justice system and how those who do are ultimately treated.",2019.04_Sacramento County_Collaborative Courts-How to Guide.pdf,,,,,
2021_06_yolo_county_ab_2542_racial_justice_act,2025-06-21,Yolo County,2021.06 Yolo County AB 2542 - Racial Justice Act,internal_directive,racial_justice,2.0,progressive,charging,public_safety_perception,significant,mandatory,more_lenient,more_lenient,"This document is a comprehensive judicial training manual explaining California's Racial Justice Act (AB 2542), which fundamentally transforms how racial bias claims are handled in criminal cases. The Act allows defendants to challenge convictions and sentences using statistical evidence of racial disparities without proving intentional discrimination, representing a major shift toward progressive criminal justice reform. The document details extensive procedural mechanisms and remedies, including case dismissal and sentence reduction, that significantly constrain prosecutorial discretion in both charging and sentencing decisions. This reflects a clearly progressive ideological orientation prioritizing racial justice and systemic bias remediation over traditional prosecutorial approaches.",2021.06_Yolo County_AB 2542 - Racial Justice Act.pdf,,,,,
2014_11_orange_county_a_prosecutor_s_guide_for_advancing_racial_equity,2025-11-14,Orange County,2014.11 Orange County A Prosecutor's Guide for Advancing Racial Equity,internal_directive,racial_justice,2.0,progressive,charging,public_safety_perception,moderate,strong_guidance,more_lenient,more_lenient,"This document is a comprehensive guide produced by the Vera Institute of Justice to help prosecutors identify and eliminate racial disparities in their offices through data analysis and evidence-based reforms. It provides detailed methodology for partnering with researchers to examine prosecutorial decision-making at key discretion points, with case studies showing how offices in Milwaukee, Mecklenburg County, and Manhattan used these tools to implement policy changes that reduced racial disparities. The guide represents a clearly progressive approach to prosecution, emphasizing transparency, community engagement, and systematic reform to achieve racial equity in criminal justice outcomes.",2014.11_Orange County_A Prosecutor's Guide for Advancing Racial Equity.pdf,,,,,
2021_12_san_diego_county_da_s_office_legal_policies_guide,2025-12-21,San Diego County,2021.12 San Diego County DA's Office - Legal Policies Guide,internal_directive,administrative,2.0,progressive,charging,public_safety_perception,significant,mandatory,more_lenient,more_lenient,"This comprehensive policy manual from San Diego County DA Summer Stephan establishes a clearly progressive prosecutorial framework emphasizing diversion, alternatives to incarceration, and racial justice. The document implements significant reforms including restrictive gang enhancement policies, bail reform measures, juvenile diversion preferences, and extensive collaborative court programs. While maintaining traditional victim advocacy elements, the overall orientation strongly favors rehabilitation over punishment and includes explicit commitments to equity and reducing incarceration rates.",2021.12_San Diego County_DA's Office - Legal Policies Guide.pdf,,,,,
